99speedmart,convenience_store,99SpeedMart @Taman Bukit Kuda,"No: 15 & 17 (Ground Floor),Lintang Perak / KU 1,Taman Bukit Kuda,41300 Klang,  Selangor Darul Ehsan.",3.046058,101.461882,Taman Bukit Kuda,"['Gentlemen Hair Cut 2', 'One Stop Snow Wash Centre', '天聖宮 @ Klang']"
99speedmart,convenience_store,99SpeedMart @Taman Tun Perak,"No: 1-1(G), Jalan Tun Perak 1, Taman Tun Perak, 43200 Cheras, Selangor.",3.063596,101.757172,Taman Tun Perak,"['Bangkok On Top Restaurant & Bar', 'Lee Chong Wei Sport Center&Academy', 'Sixty 6 Hair Studio']"
99speedmart,convenience_store,99SpeedMart @(PK) Medan Niaga Lagenda,"No: 2 (Ground Floor) & 4 (back portion), Lorong Lagenda 1, Medan Niaga Lagenda, 36400 Hutan Melintang, Perak Darul Ridzuan",,,(PK) Medan Niaga Lagenda,
99speedmart,convenience_store,99SpeedMart @(PK) Taman Mesra,"No. 13A & 15(Ground Floor), Taman Mesra, 36400 Hutan Melintang, Perak",3.89418,100.92577,(PK) Taman Mesra,"['7 ELEVEN', 'Pasaraya Di Mari-Mari']"
99speedmart,convenience_store,99SpeedMart @(PK) Taman Bernam Baru,"No: 19 & 20 (Ground Floor), Jalan Bernam 1, Tmn Bernam Baru, 35900 Tanjung Malim, Perak",,,(PK) Taman Bernam Baru,
99speedmart,convenience_store,99SpeedMart @(PK) Taman Intan Setia,"No: 1, Jalan Intan Setia 1, Jalan Intan Setia 1, Taman Intan Setia 2, 35900 Tanjung Malim, Perak",3.697949,101.513222,(PK) Taman Intan Setia,"['Restoran KP Mohamed Tg Malim', 'newplace']"
99speedmart,convenience_store,99SpeedMart @(PK) Jalan Panggung Wayang Bidor,"No: 35 (Ground Floor), Jalan Panggung Wayang, 35500 Bidor, Perak.",,,(PK) Jalan Panggung Wayang Bidor,
99speedmart,convenience_store,99SpeedMart @(PK) Taman Desa Bernam Baru,"No: 6 & 7 (Ground Floor), Taman Desa Bernam Baru, Batu 10, 36400 Hutan Melintang, Perak",,,(PK) Taman Desa Bernam Baru,
99speedmart,convenience_store,99SpeedMart @(PK) Taman Sungkai Perdana,"No: 17 & 18 (Ground Floor), Jalan Sungkai Perdana 1, Taman Sungkai Perdana, 35600 Sungkai, Perak",,,(PK) Taman Sungkai Perdana,
99speedmart,convenience_store,99SpeedMart @(PK) Slim River,"No: 4 & 5 (Ground Floor), Jalan Bandar Baru Fasa 3, Bandar Baru Fasa 3, 35800 Slim River, Perak",,,(PK) Slim River,
99speedmart,convenience_store,99SpeedMart @(PK) Taman Bidor Botani,"No: 16 & 17 (Ground Floor), Jalan Botani 1, Tmn Bidor Botani, 35500 Bidor, Perak Darul Ridzuan",,,(PK) Taman Bidor Botani,
99speedmart,convenience_store,99SpeedMart @(PK) Tapah,"No: 37 & 38 (Ground Floor), Jalan Stesen, 35000 Tapah, Perak",,,(PK) Tapah,
99speedmart,convenience_store,99SpeedMart @(PK) Taman Aman Bidor,"No: 5 & 6 (Ground Floor), Jalan Sungkai, Tmn Aman, 35500 Bidor, Perak",,,(PK) Taman Aman Bidor,
99speedmart,convenience_store,99SpeedMart @(PK) Chenderiang,"P.T 1502 & P.T 1503 (Ground Floor), Kampung Baharu Ladang Bahir, 35300 Chenderiang, Perak",,,(PK) Chenderiang,
99speedmart,convenience_store,99SpeedMart @(PK) Bandar Behrang,"No 112 & 113 (Ground Floor), Jalan Wawasan Dagangan 1, Bandar Behrang 2020, 35800 Tanjung Malim, Perak Darul",,,(PK) Bandar Behrang,
99speedmart,convenience_store,99SpeedMart @(PK) Pekan Slim River,"No: 639 & 640 (Ground Floor), Jalan Ibrahim Mohd Dom,  Pekan Slim River, 35800 Slim River, Perak Darul Ridzuan.",3.828963,101.403482,(PK) Pekan Slim River,"['Klinik Chong', 'Maybank Slim River', 'Restoran Kurnia']"
99speedmart,convenience_store,99SpeedMart @(PK) Langkap,"No: 183-D/ Lot 264 & No: 183-E/ Lot 265 (Ground Floor), Lorong 1, Taman Desa Jaya, 36700 Langkap, Perak.",04.070473,101.146505,(PK) Langkap,"['KFC Langkap', 'Warung Warisan Langkap', 'Klinik Naga (Langkap)']"
99speedmart,convenience_store,99SpeedMart @(PK) Jeram,"No: 10 & 11 (Ground Floor), Jalan Harmoni, Taman Harmoni, 31850 Jeram, Perak Darul Ridzuan.",04.387752,101.157079,(PK) Jeram,"['Restoran Sinar Iman (Jeram)', 'Restoran Kari Kepala Ikan Salim', 'Kuala Dipang']"
99speedmart,convenience_store,99SpeedMart @(PK) Gopeng,"No: 29/ Lot 224 & No: 30/ Lot 225(Ground Floor), Susur Kay Long, 31600 Gopeng, Perak.",04.47288,101.16518,(PK) Gopeng,"['Gopeng Bus Stand', 'Pekan Selasa Gopeng', 'Alif Cafe']"
99speedmart,convenience_store,99SpeedMart @(PK) Desa Lawan Kuda,"No: 24 & 25 (Ground Floor), Persiaran Harmoni, Desa Lawan Kuda, 31600 Kampung Baru Lawan Kuda, Perak Darul Ridzuan.",04.451440,101.154789,(PK) Desa Lawan Kuda,"['喜万年海鲜洒楼', 'Restaurant Yee Man.', 'MT HAIR BEAUTY SALON']"
99speedmart,convenience_store,99SpeedMart @(PK) Mambang Di Awan,"No: 81 & 82 (Ground Floor), Jalan Aman, Taman Aman, 31950 Mambang Di Awan, Kampar, Perak.",04.27341,101.14846,(PK) Mambang Di Awan,"['Rizki Tomyam Corner (Dulu Akid Corner)', 'Car Wash BHP']"
99speedmart,convenience_store,99SpeedMart @(PK) Taman Song Choon,"No: 7 & 9 (Ground Floor), Persiaran Rapat Baru 20A, Taman Song Choon, 31350 Ipoh, Perak.",4.555604,101.111658,(PK) Taman Song Choon,"['Yoon Hup Plastic Trading Sdn Bhd', 'Restoran Guxiang']"
99speedmart,convenience_store,99SpeedMart @(PK) Taman Seri Palma,"No: 1 (Ground Floor), Palma A/3, Seri Palma, Bandar Seri Botani, 31350 Ipoh, Perak.",04.536471,101.106204,(PK) Taman Seri Palma,"['Kedai Makanan Laut Hua Xiang', '华享海鲜饭店']"
99speedmart,convenience_store,99SpeedMart @(PK) Pekan Baru Teluk Intan,"No: 20 & 21 (Ground Floor), Lorong 1 Pekan Baru, 36000 Teluk Intan, Perak.",3.989279,101.010761,(PK) Pekan Baru Teluk Intan,"['Warung Mat Dan Pokok Pelam', 'Shoon Fatt Biscuits', 'SMK Raja Muda Musa']"
99speedmart,convenience_store,99SpeedMart @(PK) Kampung Kepayang,"No: 32 & 34 (Ground Floor), Persiaran Simpang Pulai 3, Simpang Pulai 3, 31300 Kampung Kepayang, Perak.",04.530906,101.127525,(PK) Kampung Kepayang,"['波赖客家面', 'Restoran Sun Kee Hin', 'Pasar Pagi Simpang Pulai']"
99speedmart,convenience_store,99SpeedMart @(PK) Gunung Rapat,"No. 705(Ground Floor), Jalan Gunung Rapat, 31350 Ipoh, Perak.",04.572223,101.115537,(PK) Gunung Rapat,"['Pasar Gunung Rapat', 'Restoran Gunung Rapat Tong Fong']"
99speedmart,convenience_store,99SpeedMart @(PK) Jalan Pasar Teluk Intan,"No 91 & 93 (Ground Floor), Crystal Gulf Business Centre, Jalan Pasar, 36000 Teluk Intan, Perak.",04.028087,101.013975,(PK) Jalan Pasar Teluk Intan,"['Liew Kee (Ah Lek) Chee Cheong Fun 燎记 (俹立) 加料猪肠粉', 'Min Kee Chee Cheong Fun', 'Uncle Loo Charcoal Hokkien Mee']"
99speedmart,convenience_store,99SpeedMart @(PK) Tmn Intanova,"No: 1(Ground Floor), Persiaran Intanova, Taman Intanova, 36000 Teluk Intan, Perak.",04.0111713,101.0399260,(PK) Tmn Intanova,"['Bean & Butter Cafe', 'Hotel Sutera Jelita']"
99speedmart,convenience_store,99SpeedMart @(PK) Tg Tualang,"No: 15 & 17 (Ground Floor), Jalan Tanjung Tualang, 31800 Tanjung Tualang, Perak.",04.329853,101.060072,(PK) Tg Tualang,"['Restoran M. Hafiz Tomyam Poktek', 'Warung Mee Udang Galah Tanjung Tualang', 'Mee Udang Tanjung Tualang']"
99speedmart,convenience_store,99SpeedMart @(PK) Sri Cempaka,"No: 58 & 60 (Ground Floor), Regat Sri Cempaka, Taman Cempaka, Ipoh, 31400 Perak.",04.594395,101.125969,(PK) Sri Cempaka,"['Restoran Sri Cempaka', 'Prince Barbershop', 'Good Burger']"
99speedmart,convenience_store,99SpeedMart @(PK) Bercham,"Lot 211160 & 211161 (Ground Floor), Lorong Bercham 1, Taman Lindungan Bercham Indah, 31400 Ipoh, Perak.",04.6324626,101.1302732,(PK) Bercham,"['Restoran CT Nasi Ayam Madu', 'Restoran CT Tomyam', 'Tom Yam Nilam Sari']"
99speedmart,convenience_store,99SpeedMart @(PK)Jalan Chung Ah Ming,"No: 187 & 189 (Ground Floor), Jalan Chung Ah Ming, Pasir Puteh, 31650 Ipoh, Perak.",,,(PK)Jalan Chung Ah Ming,
99speedmart,convenience_store,99SpeedMart @(PK) Lapangan Sentral,"No: 2 & 4 (Ground Floor), Laluan Lapangan 6, Pusat Perniagaan Lapangan Sentral, 31350 Ipoh, Perak.",04.556222,101.095837,(PK) Lapangan Sentral,"['Restoran Roti Canai Abang Din', 'Persatuan Soka Gakkai Malaysia (Perak)']"
99speedmart,convenience_store,99SpeedMart @(PK) PP Ampang,"No: 64 (Ground Floor), Jalan Ampang Jaya 1, Pusat Perniagaan Ampang, 31350 Ipoh, Perak.",04.586895,101.135629,(PK) PP Ampang,"['Bbq Lamb Ipoh', '2Ezy Laundrette', 'Powerzone Gym Ipoh']"
99speedmart,convenience_store,99SpeedMart @(PK)Taman Pertama,"No: 22 & 24 (Ground Floor), Lorong Taman 13, Taman Pertama, 30100 Ipoh, Perak.",04.59853,101.05836,(PK)Taman Pertama,"['Huang Ting', 'Teh Pharmacy', 'Pinky Pine Nail Art']"
99speedmart,convenience_store,99SpeedMart @(PK) Desa Rishah,"No: 17 & 19 (Ground Floor), Persiaran Raja Perempuan Mazwin Selatan, Desa Risnah Indah, 30100  Ipoh, Perak.",,,(PK) Desa Rishah,
99speedmart,convenience_store,99SpeedMart @(PK) Ipoh Boulevard,"No: 12 & 12-1 (Ground Floor), Lebuh Perajurit 3/1, Taman Ipoh Boulevard Timur, 31400 Ipoh, Perak.",04.619755,101.129289,(PK) Ipoh Boulevard,"['Restoran Ting Garden', 'GS Online']"
99speedmart,convenience_store,99SpeedMart @(PK) Taman Alkaff,"No: 277 & 279 (Ground Floor), Jalan Kledang Raya 18, Taman Alkaff 20100 Ipoh, Perak.",,,(PK) Taman Alkaff,
99speedmart,convenience_store,99SpeedMart @(PK) Persiaran Desa Rishah,"No: 93 (Ground Floor), Persiaran Desa Rishah 1, Desa Rishah, 30100 Ipoh, Perak.",04.58126,101.05184,(PK) Persiaran Desa Rishah,"['Union Dental Surgery', 'GP 城中城 Food Court (EMAS)']"
99speedmart,convenience_store,99SpeedMart @(PK) Menglembu,"No: 82 & 82-A (Ground Floor), Jalan Besar, Menglembu, 31450 Ipoh, Perak.",4.563982,101.044695,(PK) Menglembu,"['Menglembu Grace Lutheran Church', 'Public Bank Menglembu', 'Pos Malaysia']"
99speedmart,convenience_store,99SpeedMart @(PK) Taman Tasek Jaya,"No: 22 & 24, Tingkat Tasek Jaya 1, Taman Tasek Jaya. 31400 Ipoh, Perak.",04.65112,101.10582,(PK) Taman Tasek Jaya,"['Toong Hin Motor', 'Poliklinik Lee & Lee']"
99speedmart,convenience_store,99SpeedMart @(PK) Taman Rasi,"No: 2 and 4 (Ground Floor), Lorong Kledang Timur 15, Taman Rasi, 31450, Menglembu. Perak.",04.573430,101.042812,(PK) Taman Rasi,"['Sun Place Cafe 太阳城美食阁', 'Saturday Pasar Malam']"
99speedmart,convenience_store,99SpeedMart @(PK) Taman Perak Mewah,"No: 330 & 331 (Ground Floor), Jalan Perak 11, Taman Perak Mewah, 31900 Kampar, Perak.",04.31963,101.14528,(PK) Taman Perak Mewah,"['乐天海鲜饭店', '金城堡茶餐室']"
99speedmart,convenience_store,99SpeedMart @(PK) Taman Desa Aman,"No: 25 & 27 (Ground Floor), Persiaran Pegoh Aman 11, Taman Desa Aman 31650 Ipoh, Perak.",04.53986,101.06312,(PK) Taman Desa Aman,"['Taman Desa Aman', 'Coco Mayo', 'Top Art Hair Saloon']"
99speedmart,convenience_store,99SpeedMart @(PK) Jalan Stesyen,"No 2 & 4 (Ground Floor), Jalan Stesyen, 31250 Tanjung Rambutan, Perak.",04.671414,101.156235,(PK) Jalan Stesyen,"['Tanjung Rambutan KTMB Yard', 'newplace']"
99speedmart,convenience_store,99SpeedMart @(PK) Lapangan Perdana,"No: 7 & 9 (Ground Floor), Lapangan Perdana 1, Panorama Lapangan Perdana, 31350 Ipoh, Perak.",04.547761,101.097453,(PK) Lapangan Perdana,"['Yat Hou Cafe 壹號茶餐室', 'Restoran Afnan Tomyam']"
99speedmart,convenience_store,99SpeedMart @(PK) Desa Perwira,"No: 15 & 17 (Ground Floor), Jalan Wira Jaya, Desa Perwira, 31350 Ipoh, Perak.",04.57762,101.13025,(PK) Desa Perwira,"['Carin Optical Group Sdn Bhd', 'Pasar Mini Tuck Soon', 'Khakabo Cyber Cafe']"
99speedmart,convenience_store,99SpeedMart @(PK) Jelapang,"No: 571 & 573 (Ground Floor), Jalan Jelapang, Kampung Baru Jelapang, 30020 Ipoh, Perak",04.63516,101.06337,(PK) Jelapang,"['Pusat Aksesori Hung Seng', '大四喜烤鸭饭店', 'Tai Sai Hee Duck King']"
99speedmart,convenience_store,99SpeedMart @(PK) Pekan Chemor,"No: 132 (Ground Floor), Jalan Hume, 31200 Chemor, Perak.",04.71792,101.12047,(PK) Pekan Chemor,"['Loong Moon Cake Shop', '珠宝东海鱼翅酒家 East Ocean Seafood Restaurant', '东海鱼翅酒家']"
99speedmart,convenience_store,99SpeedMart @(PK) Taman Impiana,"No: 19 & 20 (Ground Floor), Lorong 1, Taman Impiana II, 36000 Teluk Intan, Perak.",04.00595,101.02435,(PK) Taman Impiana,"['GT-Zone', '238茶餐室', 'Restoran Heng Heng Wong']"
99speedmart,convenience_store,99SpeedMart @(PK) Klebang Perdana,"No : 5 & 7 (Ground Floor), Laluan Klebang 21, Klebang Perdana, 31200 Chemor, Perak.",04.67967,101.12146,(PK) Klebang Perdana,"['Poliklinic Dr Azhar & Rakan-rakan Klebang', 'Ck Lee Dental Surgery', 'Laschéx健康瘦身']"
99speedmart,convenience_store,99SpeedMart @(PK) Taman Bemban Raya,"No : 10 & 12 (Ground Floor), Persiaran Bemban Raya 2, Taman Bemban Raya, 31000 Batu Gajah, Perak.",,,(PK) Taman Bemban Raya,
99speedmart,convenience_store,99SpeedMart @(PK) Bandar Seri Iskandar,"No : 201 & 202 (Ground Floor), Persiaran SIBC 1, 32610 Bandar Seri Iskandar, Perak.",,,(PK) Bandar Seri Iskandar,
99speedmart,convenience_store,99SpeedMart @(PK) Taman Pengkalan Jaya,"No : 46 & 48 (Ground Floor), Jalan Pengkalan Barat 35, Taman Pengkalan Jaya, 31650 Ipoh, Perak.",04.54715,101.07182,(PK) Taman Pengkalan Jaya,"['Myth Espresso Bar', 'M Boutique Station 18']"
99speedmart,convenience_store,99SpeedMart @(PK) Lahat Baru,"No : 93 & 95 (Ground Floor), Laluan Lahat Baru 2, Bandar Lahat Baru, 31500 Lahat, Perak Darul Ridzuan.",04.54014,101.04417,(PK) Lahat Baru,"['Hotel Suria', 'Restoran Sinar Iman(Geng Jahat Lahat Bikers RV Port)']"
99speedmart,convenience_store,99SpeedMart @(PK) Taman Rasi Jaya,"No : 8 & 10 (Ground Floor), Laluan Rasi Jaya 8, Taman Rasi Jaya, 31450 Menglembu, Perak Darul Ridzuan.",04.57366,101.03578,(PK) Taman Rasi Jaya,"['Golden Merry Ice Cream House', 'Six Day', 'Typhoon Salon']"
99speedmart,convenience_store,99SpeedMart @(PK) Taman Shatin Baru,"No : 143 & 145 (Ground Floor), Jalan Pengkalan Barat, Taman Shatin Baru, 31650 Ipoh, Perak Darul Ridzuan.",04.55510,101.07501,(PK) Taman Shatin Baru,"['莱记芽菜鸡', 'Maybank @ Pasir Puteh', 'Public Bank Pengkalan']"
99speedmart,convenience_store,99SpeedMart @(PK) Halaman Meru Permai,"No: 1-4 & 1-5 (Ground Floor), Lengkok Meru Permai 1, Halaman Meru Permai, 30200 Ipoh, Perak Darul Ridzuan.",,,(PK) Halaman Meru Permai,
99speedmart,convenience_store,99SpeedMart @(PK) Bandar Universiti,"No : 1 & 2 (Ground Floor), Jalan PP 9, Bandar Universiti, 32610 Seri Iskandar, Perak Darul Ridzuan.",04.36387,100.98035,(PK) Bandar Universiti,"['Pustaka Chiew (SI) Sdn Bhd', 'Seri Iskandar Auto Care Service Centre', 'Pak Non Bihun Sup Kedah']"
99speedmart,convenience_store,99SpeedMart @(PK) Bandar Pengkalan Indah,"No : 27 & 29 (Ground Floor), Jalan Pengkalan Indah 2, Bandar Pengkalan Indah, 31650 Ipoh, Perak Darul Ridzuan.",04.54258,101.08437,(PK) Bandar Pengkalan Indah,"['Jessky Hair Saloon', 'Hairwerkz Studio']"
99speedmart,convenience_store,99SpeedMart @(PK) Taman Kenas,"No: 30 & 31 (Ground Floor), Taman Kenas, Jalan Sultan Iskandar Shah, 33000 Kuala Kangsar, Perak Darul Ridzuan.",,,(PK) Taman Kenas,
99speedmart,convenience_store,99SpeedMart @(PK) Tronoh,"No:14 & 15 (Ground Floor), Persiaran Desa Tronoh Indah, Desa Tronoh Indah, 31750 Tronoh, Perak Darul Ridzuan.",04.41887,100.98984,(PK) Tronoh,"['Dobi Al Damia', 'Restaurant Farouk & Sithick']"
99speedmart,convenience_store,99SpeedMart @(PK) Taman Pusing Hijau,"No: 25 & 27 (Ground Floor), Jalan Hijau 1, Taman Pusing Hijau, 31550 Pusing, Perak Darul Ridzuan.",04.48860,101.00876,(PK) Taman Pusing Hijau,"['用钱海鲜饭店', 'Restaurant Mee Kari Ah Lee 阿丽糖水粉店', 'Nasi Lemak Pak Nan']"
99speedmart,convenience_store,99SpeedMart @(PK) Taman Tasek Damai,"No: 2-4 & 2-5 (Ground Floor), Jalan Tawas Baru 1, Taman Tasek Damai, 30010 Ipoh, Perak Darul Ridzuan.",04.65292,101.10509,(PK) Taman Tasek Damai,"['Mindy Unisex Saloon', 'Restoran SK Naina', 'Farmasi Tasek']"
99speedmart,convenience_store,99SpeedMart @(PK) Taman Jalong,"No: 6 (Ground Floor), Taman Jalong, 31100 Sungai Siput, Perak Darul Ridzuan.",04.82122,101.08726,(PK) Taman Jalong,"['大众海鲜酒楼', '和丰英姐板面', 'Dai Chong Seafood Restaurant']"
99speedmart,convenience_store,99SpeedMart @(PK) Dataran Perpaduan,"No: 72 & 74 (Ground Floor), Dataran Perpaduan 2 , Taman Bercham Raya, 31150 Ulu Kinta, Perak Darul Ridzuan.",04.63517,101.14586,(PK) Dataran Perpaduan,"['Pusat Rawatan Puris', ""'Z' Corner Mee Udang"", 'Dataran Bercham Raya']"
99speedmart,convenience_store,99SpeedMart @(PK) Taman Delima Salak,"No :3 & 5 (Ground Floor), Taman Delima, 31050 Sungai Siput, Perak Darul Ridzuan.",04.84042,100.99701,(PK) Taman Delima Salak,"['Balai Polis Salak Baru', 'Kuan Yin Old Temple 觀音古廟', '观音庙']"
99speedmart,convenience_store,99SpeedMart @(PK) Pusat Bandar Baru Bercham,"No: 48 & 50 (Ground Floor), Persiaran Bercham Timur 20, Pusat Bandar Baru Bercham, 31400 Ipoh, Perak Darul Ridzuan.",,,(PK) Pusat Bandar Baru Bercham,
99speedmart,convenience_store,99SpeedMart @(PK) Ipoh Garden,"No: 135D & 135E (Ground Floor), Jalan Dato Lau Pak Khuan, Ipoh Garden, 31400 Ipoh, Perak Darul Ridzuan.",04.61228,101.11217,(PK) Ipoh Garden,"['Klinik Underwood', 'Farmasi Ipoh Garden', 'Fancy Pet House']"
99speedmart,convenience_store,99SpeedMart @(PK) Taman Pertama Taiping,"No: 31 & 32 (Ground Floor), Jalan Taman Pertama 2, Taman Pertama, 34000 Taiping, Perak Darul Ridzuan.",04.85239,100.71978,(PK) Taman Pertama Taiping,"['Nasi Kandar Norvaazilla', 'Sweet Secrets Cake House']"
99speedmart,convenience_store,99SpeedMart @(PK) Taman Ceria,"No: 5 & 6 (Ground Floor), Susur Ceria, Taman Ceria, 36000 Teluk Intan, Perak Darul Ridzuan.",04.03358,101.04537,(PK) Taman Ceria,"['Masjid Kg Bahagia', 'Masjid As-Saadah', 'Taman Aman']"
99speedmart,convenience_store,99SpeedMart @(PK) Medan Kamunting Jaya,"No: 24 & 26 (Ground Floor), Jalan MKJ /2, Medan Kamunting Jaya, 34600 Kamunting, Perak Darul Ridzuan.",,,(PK) Medan Kamunting Jaya,
99speedmart,convenience_store,99SpeedMart @(PK) Taman Perpaduan Koperasi,"No: 34 & 36 (Ground Floor), Jalan Koperasi 1, Taman Perpaduan Koperasi, 31400 Ipoh, Perak Darul Ridzuan.",04.62354,101.14077,(PK) Taman Perpaduan Koperasi,"['Indra Bakso Power', 'Integrated Design And Management Services', 'Kaw Kaw Burger Bakar']"
99speedmart,convenience_store,99SpeedMart @(PK) Taman Bersatu,"No: 57 & 59 (Ground Floor), Persiaran Sengat Baru 2, Taman Bersatu ,31300 Simpang Pulai, Perak Darul Ridzuan.",04.53708,101.12548,(PK) Taman Bersatu,"['Pasar Malam Simpang Pulai', 'Poloklinik Simpang Pulai Qualitas', 'Farmasi Medichem']"
99speedmart,convenience_store,99SpeedMart @(PK) Taman Indah Jaya,"No: 9 & 10 (Ground Floor), Jalan Teratai J4/8, Taman Indah Jaya, 36000 Teluk Intan, Perak Darul Ridzuan.",04.00347,101.01750,(PK) Taman Indah Jaya,"['Love Laundry Self Service', 'Lana Tea House']"
99speedmart,convenience_store,99SpeedMart @(PK) Taman Jana Setia,"No: 70 & 72 (Ground Floor), Jalan Jana Mulia 5, Taman Jana Setia, 34600 Kamunting, Perak Darul Ridzuan.",04.88908,100.73940,(PK) Taman Jana Setia,"[""BigTas'Tea Cafe"", 'Sekolah Kebangsaan Taman Jana', 'Pasar Malam Bukit Jana']"
99speedmart,convenience_store,99SpeedMart @(PK) Taman Tapah Indah,"No: 7 & 8 (Ground Floor), Persiaran Tapah Indah, Taman Tapah Indah, 35000 Tapah, Perak Darul Ridzuan.",04.21695,101.27725,(PK) Taman Tapah Indah,"['KEDAI RUNCIT ANNA PATCHAI', 'Hou Yi Lou Restaurant', 'Kedai Makan Nawfal']"
99speedmart,convenience_store,99SpeedMart @(PK) Kampung Sungai Buloh,"No: 321 & 322 (Ground Floor), Kampung Sungai Buloh, 31100 Sungai Siput, Perak Darul Ridzuan.",04.82078,101.06401,(PK) Kampung Sungai Buloh,"['竹芭刀麻切', 'Cadar Patchwork', 'Kuil Sri Subramaniam Alayam']"
99speedmart,convenience_store,99SpeedMart @(PK) Taman Aman,"No: 65 & 66 (Ground Floor), Laluan Aman 1,Taman Aman , 31100 Sungai Siput, Perak Darul Ridzuan.",04.81818,101.07555,(PK) Taman Aman,"['Maybank Jalan Besar', 'Maybank (Sg. Siput Branch)']"
99speedmart,convenience_store,99SpeedMart @(PK) Taman Seri Indah,"No: 170 & 171 (Ground Floor), Medan Seri Indah, Taman Seri Indah, 32400 Ayer Tawar, Perak Darul Ridzuan.",04.29257,100.75206,(PK) Taman Seri Indah,"['Sin Tien Tyres Service Centre', 'Restoran Ing Hua', 'Vitech Computer Centre']"
99speedmart,convenience_store,99SpeedMart @(PK) Jalan Chung Thye Phin,"No: 3450 & 3451 (Ground Floor), Jalan Chung Thye Phin, 34000 Taiping, Perak Darul Ridzuan.",04.846925,100.742702,(PK) Jalan Chung Thye Phin,"['Maybank', 'Pusat Video YuYi', 'Chay Yeong Tong Perak']"
99speedmart,convenience_store,99SpeedMart @(PK) Taman Kamunting Mutiara,"No: 1 (Ground Floor), Lorong KM 2, Taman Kamunting Mutiara, 34600 Kamunting, Perak Darul Ridzuan.",04.92934,100.72174,(PK) Taman Kamunting Mutiara,"['Burger Bako Wan Lebor', 'Qml', 'Kalaok']"
99speedmart,convenience_store,99SpeedMart @(PK) Taman Mas Suria,"No: 2 & 3 (Ground Floor), Jalan Mas Suria 1, Taman Mas Suria, Kg Koh, 32000 Sitiawan, Perak Darul Ridzuan.",04.19562,100.70904,(PK) Taman Mas Suria,"['成利饼家 Kedai Biskut Sin Lay', 'Sin Lay Biskut', 'Masjid Taman Mas']"
99speedmart,convenience_store,99SpeedMart @(PK) Lumut,"PT 4165 & 4166 (Ground Floor), Jalan Sultan Idris Shah, 32200 Lumut, Perak Darul Ridzuan.",,,(PK) Lumut,
99speedmart,convenience_store,99SpeedMart @(PK) Taman Bukit Permata,"No : 19 & 20 (Ground Floor), Jalan Permata 5, Taman Bukit Permata, 32200 Lumut, Perak Darul Ridzuan",04.20734,100.63602,(PK) Taman Bukit Permata,"['Restoren Nasi Vanggey', 'Executive Suite Marina Cove Resort', 'Restoran Sri Kelantan']"
99speedmart,convenience_store,99SpeedMart @(PK) Greentown Business Centre,"No : 16 & 18 (Ground Floor), Persiaran Greentown 10, Greentown Business Centre, 30450 Ipoh, Perak Darul Ridzuan.",04.60010,101.09617,(PK) Greentown Business Centre,"['Bad Ape Yakitori', 'PakCik Wong']"
99speedmart,convenience_store,99SpeedMart @(PK) Seri Manjung,"No : 66 & 67 (Ground Floor), Persiaran 2B, Fasa 2B, 32040 Seri Manjung, Perak Darul Ridzuan.",04.18658,100.65939,(PK) Seri Manjung,"['Affnan Tom Yam', 'Lekir Bulk Terminal Teluk Rubiah', 'Sri Manjung Convenience Store(SMC MART)']"
99speedmart,convenience_store,99SpeedMart @(PK) Taman Desa Pantai,"No : 207 & 208 (Ground Floor), Hala Desa Pantai 1, Taman Desa Pantai, 34900 Pantai Remis, Perak Darul Ridzuan.",04.44494,100.62635,(PK) Taman Desa Pantai,"['MR DIY PANTAI REMIS', 'Wei Xiang Seafood 味香海鮮', 'Poliklinik Kana']"
99speedmart,convenience_store,99SpeedMart @(PK) Taman Batik Puteri,"No : 8 & 9 (Ground Floor), Jalan Batik Puteri 1, Taman Batik Puteri, 32200 Lumut, Perak Darul Khusus.",04.209794,100.615506,(PK) Taman Batik Puteri,"['Beriyani Nasi Kandar', 'Restoran Biriyani', 'Restoran Biriyani Teluk Muroh']"
99speedmart,convenience_store,99SpeedMart @(PK) Taman Kota Jaya,"No : 655 (Ground Floor), Jalan Taman Kota Jaya Luar, Taman Kota Jaya, 34700 Simpang, Perak Darul Ridzuan.",04.82529,100.70348,(PK) Taman Kota Jaya,"['Syakirah Gymnasium Cafe', 'Poliklinik Dr. Harjit Singh Sindhu', 'Poliklinik Simpang']"
99speedmart,convenience_store,99SpeedMart @(PK) Manjung Point,"No : 159 & 160 (Ground Floor), Jalan PPMP 10, Pusat Perniagaan Manjung Point 1, 32040 Seri Manjung, Perak Darul Ridzuan.",04.21019,100.66829,(PK) Manjung Point,"['Max Cool Tint Shop', 'Restoran Amanee Seafood', 'Easy Clean Laundry']"
99speedmart,convenience_store,99SpeedMart @(PK) Kampar,"No : 144 & 146 (Ground Floor), Jalan Idris, 31900 Kampar, Perak Darul Ridzuan.",04.31439,101.15228,(PK) Kampar,"['Victory Cafe', 'Super Cut Hair Salon', 'Pizza Hut']"
99speedmart,convenience_store,99SpeedMart @(PK) Taman Pinji Mewah,"No : 32 & 34 (Ground Floor), Persiaran Zarib 3, Taman Pinji Mewah, 31500 Lahat, Perak Darul Ridzuan.",04.53098,101.08208,(PK) Taman Pinji Mewah,"['Restoran Hong Yuan (鴻苑酒家)', 'Restaurant Sing Foon', ""Taiko Management Sdn Bhd's Office""]"
99speedmart,convenience_store,99SpeedMart @(PK) Taman Sitiawan,"No: 186 & 187 (Ground Floor), Jalan Lumut, Taman Sitiawan Maju, 32000 Sitiawan , Perak Darul Ridzuan.",04.21554,100.69115,(PK) Taman Sitiawan,"['Farmasi Sitiawan', 'Body Alignment Health and Fitness Centre', 'Klinik Pergigian Sitiawan']"
99speedmart,convenience_store,99SpeedMart @(PK) Halaman Chemor Muhibbah,"No: 23 & 25 (Ground Floor), Jalan Chemor Muhibbah 2, Halaman Chemor Muhibbah, 31200 Chemor, Perak Darul Ridzuan.",04.72584,101.13341,(PK) Halaman Chemor Muhibbah,"['VTOPS Car Care & Car Wash', 'Masjid Tanah Hitam', 'Jabatan Pesakit Luar']"
99speedmart,convenience_store,99SpeedMart @(PK) Taman Universiti Wallagonia,"No: 3-A & 5 (Ground Floor), Jalan Wallagonia 1, Taman Universiti Wallagonia, 35400 Tapah, Perak Darul Ridzuan.",,,(PK) Taman Universiti Wallagonia,
99speedmart,convenience_store,99SpeedMart @(PK) Taman Fair Park,"No:  75B (Ground Floor), Jalan Kamaruddin Isa, Taman Fair Park, 31400 Ipoh, Perak Darul Ridzuan.",04.60688,101.09488,(PK) Taman Fair Park,"['Klinik Pergigian Fairpark', '7-Eleven', 'Klinik Gigi Fair Park']"
99speedmart,convenience_store,99SpeedMart @(PK) Taman Mewah,"No: 25 & 26 (Ground Floor), Lorong Mewah 8. Taman Mewah, 34600 Kamunting, Perak Darul Ridzuan.",04.88523,100.71673,(PK) Taman Mewah,"['Pasar Malam Taman Mewah', 'Masjid Jamek Al-Istiqlal', 'Lapangan Tentera Udara Malaysia']"
99speedmart,convenience_store,99SpeedMart @(PK) Bandar Baru Sri Klebang,"No: 20 & 22 (Ground Floor), Jalan Sri Klebang A/12, Bandar Baru Sri Klebang, 31200 Chemor, Perak Darul Ridzuan.",,,(PK) Bandar Baru Sri Klebang,
99speedmart,convenience_store,99SpeedMart @(PK) Chepor Indah,"No: 23 & 25 (Ground Floor), Jalan Chepor Indah 34, RPT Chepor Indah, 31200 Chemor, Perak Darul Ridzuan.",04.70563,101.09371,(PK) Chepor Indah,"['Kawana TomYam', 'Restoran Shaik', 'Petron Taman Chepor Indah']"
99speedmart,convenience_store,99SpeedMart @(PK) Taman Pengkalan Jaya 2,"No: 77 (Ground Floor), Jalan Pegoh, Taman Pengkalan Jaya, 31650 Ipoh, Perak Darul Ridzuan.",04.55592,101.08026,(PK) Taman Pengkalan Jaya 2,"['Pasar Mini Foo Yee', 'SPPK Pasar Pagi', 'Pasar Malam SPPK Pasir Puteh']"
99speedmart,convenience_store,99SpeedMart @(PK) Taman Putra Impian,"No: 2 (Ground Floor), Jalan Putra Indah 2, Taman Putra Impian, 31400 Ipoh, Perak Darul Ridzuan.",04.65741,101.13814,(PK) Taman Putra Impian,"['AVS Power Trading', 'Hanif Tomyam Seafood', 'Rafflesia Butik Andaman']"
99speedmart,convenience_store,99SpeedMart @(PK) Kampung Manjoi,"No: 23-31 & 23-33 (Ground Floor), Jalan Raja, Kampung Manjoi, 30020 Ipoh, Perak Darul Ridzuan.",04.61387,101.06908,(PK) Kampung Manjoi,"['Petronas Manjoi', 'BSN Manjoi', 'Farmasi Manjoi']"
99speedmart,convenience_store,99SpeedMart @(PK) Taman Klebang Ria,"No: 7 & 9 (Ground Floor), Jalan Klebang Ria 2, Taman Klebang Ria, 31200 Chemor, Perak Darul Ridzuan.",04.68192,101.11735,(PK) Taman Klebang Ria,"['Restoran Al Ridzuwan Maju', 'Klinik Kembar', 'Restoran Riduan Tomyam']"
99speedmart,convenience_store,99SpeedMart @(PK) Taman Pengkalan Sentosa,"No: 8 & 10 (Ground Floor), Lorong Sentosa 4, Taman Pengkalan Sentosa, 34000 Taiping, Perak Darul Ridzuan.",04.82348,100.73036,(PK) Taman Pengkalan Sentosa,"['Pasar Mini Sin Wai Huat', 'Kedai Runcit Sungai Mas', 'Youth Photo Studio']"
99speedmart,convenience_store,99SpeedMart @(PK) Taman Bandar Baru,"No: 1793 & 1794 (Ground Floor), Jalan Intan, Taman Bandar Baru, 31900 Kampar, Perak Darul Ridzuan.",04.32416,101.14863,(PK) Taman Bandar Baru,"['Restoran Lea Sing 麗星小食中心', 'Shai Brothers Tyres And Car Services Center', 'Weng Lee Salted Chicken']"
99speedmart,convenience_store,99SpeedMart @(PK) Taman Meru 2B,"No: 19 & 21 (Ground Floor), Hala Taman Meru 13, Taman Meru 2B, 30020 Ipoh, Perak Darul Ridzuan.",04.66147,101.06792,(PK) Taman Meru 2B,"['Mazieana Cake House', 'Restoran Saybulan Tom Yam', 'Restoran Twin CharKueyTiaw Utara Famous']"
99speedmart,convenience_store,99SpeedMart @(PK) Taman Permai,"No: 416 & 418 (Ground Floor), Jalan Kuala Kangsar, Taman Permai, 30010 Ipoh, Perak Darul Ridzuan.",04.64241,101.09572,(PK) Taman Permai,"['Highway One Cafe\ue30c\ue30c\ue30c', 'Kopitiam TKSC', '江沙路茶餐室']"
99speedmart,convenience_store,99SpeedMart @(PK) Jalan Tun Saban,"No: 24 & 26 (Ground floor), Jalan Tun Saban, 33300 Gerik, Perak Darul Ridzuan.",05.42847,101.12877,(PK) Jalan Tun Saban,"['Restoran Kari Kepala Ikan Salim', 'Friendly Park Hotel', 'Pasaraya Ekonomi Awang']"
99speedmart,convenience_store,99SpeedMart @(PK) Bandar Baru Kampar,"No : 2240 & 2241 (Ground floor), Jalan Batu Sinar, Taman Bandar Baru, 31900 Kampar, Perak Darul Ridzuan.",04.32610,101.14505,(PK) Bandar Baru Kampar,"['Mediklinik Zulfli', 'Subway Kampar', 'Yolo Espresso']"
99speedmart,convenience_store,99SpeedMart @(PK) Taman Muhibbah Jaya,"No : 4 & 5 (Ground floor), Persiaran Muhibbah Jaya 1, Taman Muhibbah Jaya, 31100 Sungai Siput, Perak Darul Ridzuan.",04.80632,101.09718,(PK) Taman Muhibbah Jaya,"['Restoran Aziz Tomyam', 'Poliklinik Prushothaman', '7 Eleven Sg Siput']"
99speedmart,convenience_store,99SpeedMart @(PK) Taman Rimba Tambun,"No: 6 & 8 (Ground Floor), Persiaran Desa Tambun, Taman Rimba Tambun, 31400 Ipoh, Perak Darul Ridzuan.",04.60621,101.14219,(PK) Taman Rimba Tambun,"['Restoran Seri Gunung', 'Muscle Maniac Gym & Fitness', 'Car and Bike Wash Tambun']"
99speedmart,convenience_store,99SpeedMart @(PK) Taiping Business Centre,"No: 11 & 13 (Ground Floor), Persiaran TBC, Taiping Business Centre, 34000 Taiping, Perak Darul Ridzuan.",04.84047,100.74865,(PK) Taiping Business Centre,"['Petronas Jalan Tupai Taiping', 'Restoran Sri Tupai Seafood', '纹雁小食纺']"
99speedmart,convenience_store,99SpeedMart @(PK) Taman Kurau Permai,"No: 9 & 11 (Ground Floor), Lorong Permai 1, Taman Kurau Permai, 34000 Taiping, Perak Darul Ridzuan.",04.98152,100.80435,(PK) Taman Kurau Permai,['newplace']
99speedmart,convenience_store,99SpeedMart @(PK) Taman Jati,"No: 1263 & 1265 (Ground Floor), Persiaran Jati, Taman Jati, 30020 Ipoh, Perak Darul Ridzuan.",04.66170,101.07112,(PK) Taman Jati,"['Restoran Meru Emas TomYam', 'Klinik Safri & Hamimah', 'Klinik Dilip']"
99speedmart,convenience_store,99SpeedMart @(PK) Taman Rengas Jaya,"No: 16 & 17 (Ground Floor), Persiaran Rengas Jaya, Taman Rengas Jaya, 33700 Padang Rengas, Perak Darul Ridzuan.",04.77605,100.85934,(PK) Taman Rengas Jaya,"['Restoran Nasi Kandar BJM Maju', 'Warung Along & Angah (double A) Pdg. Rengas', 'Klinik Kesihatan Padang Rengas']"
99speedmart,convenience_store,99SpeedMart @(PK) Taman Ria Bercham,"No: 222 & 224 (Ground Floor), Jalan Bercham, Taman Ria, 31400 Ipoh, Perak Darul Ridzuan.",04.62859,101.12631,(PK) Taman Ria Bercham,"['Pro Paint Trading', 'Klinik Pergigian Dr Karthi', 'Klinik Pergigian Dr Karthikeyen']"
99speedmart,convenience_store,99SpeedMart @(PK) Taman Desa Baiduri,"No: 7 & 8 (Ground Floor), Jalan Desa Baiduri 1, Taman Desa Baiduri Fasa 1, 33300 Gerik, Perak Darul Ridzuan.",05.45034,101.15479,(PK) Taman Desa Baiduri,"['Klinik Taman Desa Baiduri', 'Restoran Rahim Maideen MK', 'R&R Perah']"
99speedmart,convenience_store,99SpeedMart @(PK) Pinggir Rapat Perdana,"No: 107 & 109 (Ground Floor), Hala Sepakat 15A, Pinggir Rapat Perdana, 31350 Ipoh, Perak Darul Ridzuan.",04.56890,101.135205,(PK) Pinggir Rapat Perdana,"['7-Eleven Rapat Perdana', 'JuSham Enterprise', '荣成海鲜餐馆']"
99speedmart,convenience_store,99SpeedMart @(PK) PP Gopeng,"No: 47 & 49 (Ground Floor), Jalan Mewah 1, Pusat Perniagaan Gopeng, 31600 Gopeng, Perak Darul Ridzuan.",04.49738,101.14905,(PK) PP Gopeng,"['Restoran Nur Asyikin Seafood', 'Shell Gopeng', 'SSG Safety Glass Sdn Bhd']"
99speedmart,convenience_store,99SpeedMart @(PK) Taman Trong Perdana,"No: 19 & 21 (Ground Floor), Susur Perdana, Taman Trong Perdana, 34800 Trong, Perak Darul Ridzuan.",04.71015,100.71643,(PK) Taman Trong Perdana,"['Kuala Trong', 'Durian', 'Terong Small Old Town']"
99speedmart,convenience_store,99SpeedMart @(PK) Tanjung Perdana,"No: 65 & 67 (Ground Floor), Lorong Sungai Choh 10, Tanjung Perdana , 31250 Tanjung Rambutan, Perak Darul Ridzuan.",04.66054,101.16050,(PK) Tanjung Perdana,"['Petronas Tanjung Rambutan', 'Bazaar Ramadhan Tg. Rambutan', 'Restoran Saloma']"
99speedmart,convenience_store,99SpeedMart @(PK) Taman Simpang Tiga,"No: 1 & 2 (Ground Floor), Lorong Simpang Tiga 1, Taman Simpang Tiga, 36200 Selekoh, Perak Darul Ridzuan.",3.93423,100.77852,(PK) Taman Simpang Tiga,"['BSN Bagan Datoh', 'PPK Bagan Datoh', 'Bagan Datoh']"
99speedmart,convenience_store,99SpeedMart @(PK) Jalan Labrooy,"No: 16E & 16F (Ground Floor), Jalan Labrooy, 30100 Ipoh, Perak Darul Ridzuan.",04.61178,101.07527,(PK) Jalan Labrooy,"['Pusat Perubatan UNIKL RCMP', ""Restoran Naina's Corner"", 'Naina Maxwell']"
99speedmart,convenience_store,99SpeedMart @(PK) Jalan Bagan Datoh,"No: 5 & 6 (Ground Floor), Jalan Bagan Datoh, 36400 Hutan Melintang, Perak Darul Ridzuan.",3.89005,100.86816,(PK) Jalan Bagan Datoh,"['Masjid Al-Falah', 'Kedai Makan Citarasa Cik Ana', 'Almarzouq Chalet']"
99speedmart,convenience_store,99SpeedMart @(PK) Lintang Bestari,"No : 4 & 6 (Ground Floor), Lintang Bestari 1, Pusat Bandar Fasa 2, 34200 Parit Buntar, Perak Darul Ridzuan.",05.11416,100.48469,(PK) Lintang Bestari,"['Dynamic Book Store', 'Manjaku Baby Centre', 'Frasers Inn']"
99speedmart,convenience_store,99SpeedMart @(PK) Titi Gantung,"No: 25 & 26 (Ground Floor), Jalan Panglima, Taman Indera Barat, Titi Gantung, 32600 Bota, Perak Darul Ridzuan.",04.36335,100.83150,(PK) Titi Gantung,"['Satay (Bob)', 'Changkat Cermin', 'Pasar Mini Kemasan']"
99speedmart,convenience_store,99SpeedMart @(PK) Medan Pengkalan,"No: 23 & 25 (Ground Floor), Lorong Pengkalan 1, Medan Pengkalan, 34000 Taiping, Perak Darul Ridzuan.",04.81671,100.72379,(PK) Medan Pengkalan,"['PR Tomyam 2', 'Klinik 1Malaysia', 'Mawardah Easy Clean']"
99speedmart,convenience_store,99SpeedMart @(PK) Malim Nawar,"No: PT 20958 & PT 20959 (Ground Floor), Jalan Malim Nawar, Malim Nawar, 31700 Kampar, Perak Darul Ridzuan.",04.35198,101.11690,(PK) Malim Nawar,"['Kedai Alat Tulis Paper N Pen', 'Restoran Restu Ilahi', 'Pos Malaysia Malim Nawar']"
99speedmart,convenience_store,99SpeedMart @(PK) Taman Desa Bintang,"No: 13 & 14 (Ground Floor), Jalan Leo, Taman Desa Bintang, 32000 Sitiawan, Perak Darul Ridzuan.",04.21234,100.68412,(PK) Taman Desa Bintang,"['Radiant Hotel', 'Klinik Pakar Bayi Dan Kanak2 Ling', 'Yamaha Top Art Music Centre']"
99speedmart,convenience_store,99SpeedMart @(PK) PP Air Kuning,"No: 8 (Ground Floor), Jalan PPAK 1, Pusat Perniagaan Air Kuning, 31920 Air Kuning, Perak Darul Ridzuan.",04.18894,101.14174,(PK) PP Air Kuning,"['Hadif Burger', '昌華茶餐室 Restoran Chang Hua', 'Air Kuning']"
99speedmart,convenience_store,99SpeedMart @(PK) Jalan Haji Mohd Ali,"No 34397 & 34398  (Ground Floor), Jalan Haji Mohd Ali, 32000 Sitiawan ,Perak Darul Ridzuan.",04.22638,100.69289,(PK) Jalan Haji Mohd Ali,"['Pizza Hut', 'Honda 3S Center Sendi Auto', 'Honda 3S Centre - Tian Siang Auto']"
99speedmart,convenience_store,99SpeedMart @(PK) Taman Samudera,"No: PT 2278 & 2279 (Ground Floor), Taman Samudera, 32040 Seri Manjung, Perak Darul Ridzuan.",04.20157,100.65994,(PK) Taman Samudera,"['Hlk Sri Manjung', 'Manjung Aquarium Pets Centre 曼绒水族宠物中心', 'Hotel Sofera']"
99speedmart,convenience_store,99SpeedMart @(PK) Taman Kanthan Jaya,"No: 123 & 125 (Ground Floor), Jalan Kanthan Baru 1, Taman Kanthan Jaya, 31200 Chemor, Perak Darul Ridzuan.",04.75077,101.11780,(PK) Taman Kanthan Jaya,"['Restoran Tomyam Suwan', 'Klinik Kanthan Baru', '一鼎茶馆']"
99speedmart,convenience_store,99SpeedMart @(PK) Sungai Tinggi,"Lot 3609 (Ground Floor), Jalan Besar, Kampung Sungai Tinggi, 34800 Trong, Perak Darul Ridzuan",04.58112,100.67865,(PK) Sungai Tinggi,"['Masjid Sungai Tinggi', 'Sek. Rendah Agama Rakyat Nurul Hidayah']"
99speedmart,convenience_store,99SpeedMart @(PK) Taman Foo Onn,"No: 144A & 146 (Ground Floor), Jalan Kuala Kangsar, Taman Foo Onn, 30010 Ipoh, Perak Darul Ridzuan.",04.63080,101.08442,(PK) Taman Foo Onn,"['Hotel KK', 'Restoran Fatt Kee Buffet Caterer', 'Restoran Nasi Kandar AK Corner']"
99speedmart,convenience_store,99SpeedMart @(PK) Taman Semarak,"No: 20 & 21 (Ground Floor), Jalan Semarak 1, Taman Semarak , 33300 Gerik, Perak Darul Ridzuan.",05.44978,101.13648,(PK) Taman Semarak,"['7-Eleven', 'Dapur Rumbia 2', ""D'Qlate Cafe""]"
99speedmart,convenience_store,99SpeedMart @(PK) Desa Chemor Saujana,"No: 8 & 10 (Ground Floor), Jalan Chemor Saujana 1, Desa Chemor Saujana, 31200 Chemor, Perak Darul Ridzuan.",,,(PK) Desa Chemor Saujana,
99speedmart,convenience_store,99SpeedMart @(PK) Taman Parit Wira,"No: 1 (Ground Floor), Jalan Dua, Taman Parit Wira, 32800 Parit, Perak Darul Ridzuan",04.47864,100.91067,(PK) Taman Parit Wira,"['Restoran Tawakal Parit Perak', 'Pasar Besar Pekan Parit', 'BSN Parit']"
99speedmart,convenience_store,99SpeedMart @(PK) Taman Bertuah,"No: 36 & 38 (Ground Floor), Persiaran Klebang Selatan 8, Taman Bertuah, 31200 Chemor, Perak Darul Ridzuan.",04.66375,101.10585,(PK) Taman Bertuah,"['Taman Bertuah', 'KSTS AUTO CENTRE', 'Perak IT Mall']"
99speedmart,convenience_store,99SpeedMart @(PK) Pusat Bandar Baru Bagan Serai,"No: 9 & 11 (Ground Floor), Lintang Thaupy 1, Pusat Bandar Baru Bagan Serai, 34300 Bagan Serai, Perak Darul Ridzuan.",05.01156,100.54011,(PK) Pusat Bandar Baru Bagan Serai,"['Pasar Awam Bagan Serai', 'Poliklinik Bakti Bagan Serai', 'Dewan Komuniti Bagan Serai']"
99speedmart,convenience_store,99SpeedMart @(PK) Taman Liman,"No: 4 & 5 (Ground Floor), Persiaran Liman 1, Taman Liman, 33020 Kuala Kangsar, Perak Darul Ridzuan.",04.84686,100.90258,(PK) Taman Liman,"['利民加地小食中心', 'newplace']"
99speedmart,convenience_store,99SpeedMart @(PK) Taman Perpaduan Jaya,"No: 59 & 61 (Ground Floor), Persiaran Perpaduan Jaya 1, Taman Perpaduan Jaya, 31150, Ulu Kinta, Perak Darul Ridzuan.",04.63935,101.14114,(PK) Taman Perpaduan Jaya,"['新德记炒粉茶餐室', 'Restoran Sin Tuck Kee', 'Pusat Akuarium XIANG LUNG 祥龙水族貿易']"
99speedmart,convenience_store,99SpeedMart @(PK) Kuala Sepetang,"No: 18 & 19 (Ground Floor), Jalan 3, Kampung Kuala Sepetang, 34650 Kuala Sepetang, Perak Darul Ridzuan.",04.83574,100.62861,(PK) Kuala Sepetang,"[""D'Port Ikan Bakar & Seafood"", 'Salleh Stall Mee Udang Port Weld', 'Sepetang Inn']"
99speedmart,convenience_store,99SpeedMart @(PK) Bandar Baru Menglembu,"No: 52 & 54 (Ground Floor), Persiaran Kledang Timur 21, Bandar Baru Menglembu, 31450 Menglembu, Perak Darul Ridzuan.",04.57509,101.04905,(PK) Bandar Baru Menglembu,"['Dunia Enterprise 環球貿易', 'The Mia Noodle House', 'Restoran Double Three 33茶餐室']"
99speedmart,convenience_store,99SpeedMart @(PK) Taman Pengkalan Pertama,"No: 11 & 13 (Ground Floor), Persiaran Pengkalan Pertama 1, Taman Pengkalan Pertama, 31650 Ipoh, Perak Darul Ridzuan.",04.55543,101.06652,(PK) Taman Pengkalan Pertama,"['Mee Celup Kak Na', 'Burger Yeop', '7 Eleven Shatin Park']"
99speedmart,convenience_store,99SpeedMart @(PK) Taman Golf,"No: 20 & 21 (Ground Floor), Persiaran Golf 1, Taman Golf, 35500 Bidor, Perak Darul Ridzuan.",04.12041,101.28020,(PK) Taman Golf,"['Clean Lab', 'Alayala Tomyam & Seafood', 'Bidor Char Kuey Teaw']"
99speedmart,convenience_store,99SpeedMart @(PK) PP Meru Point,"No: Blok A 1-5 & A 1-6 (Ground Floor), MP 3, Persiaran Meru Point, Pusat Perniagaan Meru Point, Gerbang Meru Indah, 30020 Ipoh, Perak Darul Ridzuan.",04.65079,101.07099,(PK) PP Meru Point,"['ZSA Scooter Workshop', 'PTTC', 'Restoran Di Naina']"
99speedmart,convenience_store,99SpeedMart @(PK) Selama,"No: 5 & 6 (Ground Floor), Jalan Sri Permai , Sri Permai, 34100 Selama, Perak Darul Ridzuan.",05.21479,100.69520,(PK) Selama,"['Poliklinik Dr.Azhar', 'Bazar Ramadhan Selama Perak', 'Pasaraya A-Wang']"
99speedmart,convenience_store,99SpeedMart @(PK) Taman Tun Sambanthan,"No: 249 & 250 (Ground Floor), Lorong Tun Sambanthan 5, Taman Tun Sambanthan, 31100 Sungai Siput, Perak Darul Ridzuan.",04.806302,101.086825,(PK) Taman Tun Sambanthan,"['Noodles House', 'Masjid Al-Islah Keledang Utama', 'Masjid Sg Siput']"
99speedmart,convenience_store,99SpeedMart @(PK) Taman Venice Sutera,"No: 64 & 65 (Ground Floor), Persiaran Venice Sutera 1, Desa Manjung Raya, 32200 Lumut, Perak Darul Ridzuan.",04.21012,100.64586,(PK) Taman Venice Sutera,"['Nasi Baryani Ayam Madu', 'Venice Laundry Lagoon', 'Taman Paya Bakau']"
99speedmart,convenience_store,99SpeedMart @(PK) Segari,"No: 112 (Ground Floor), Lorong Segari Maju 4, Taman Segari Maju, 32200 Lumut, Perak Darul Ridzuan.",,,(PK) Segari,
99speedmart,convenience_store,99SpeedMart @(PK) Jalan Daeng Selili,"No: 7D & 7E (Ground Floor), Jalan Daeng Selili, 33000 Kuala Kangsar, Perak Darul Ridzuan.",04.77510,100.94242,(PK) Jalan Daeng Selili,"['Seng Heng Kuala Kangsar', ""Teh's Dental Surgery"", 'Restoran Kuale Bagus']"
99speedmart,convenience_store,99SpeedMart @(PK) Taman Kurau Sentosa,"No: 14 & 16 (Ground Floor), Lintang Sentosa 1, Taman Kurau Sentosa, 34350 Kuala Kurau, Perak Darul Ridzuan.",05.02901,100.44735,(PK) Taman Kurau Sentosa,"['Ghani Tomyam', 'SK Seri Siakap', 'Gulai Sembilang Simpang Tiga']"
99speedmart,convenience_store,99SpeedMart @(PK) Taman Klebang Putra,"No: 87 & 89 (Ground Floor), Jalan Putra 1B, Taman Klebang Putra, 31200 Chemor, Perak Darul Ridzuan.",,,(PK) Taman Klebang Putra,
99speedmart,convenience_store,99SpeedMart @(PK) Taman Gemilang,"No: 36 & 37 (Ground Floor), Jalan Gemilang 1, Taman Gemilang, 32610 Seri Iskandar, Perak Darul Ridzuan.",04.36312,100.94836,(PK) Taman Gemilang,"['Restoran Zalila Seafood', 'Restoran Sikamat Maju', 'Restoran Amsyar']"
99speedmart,convenience_store,99SpeedMart @(PK) Taman Pinji Seni,"No: 21 & 23 (Ground Floor), Laluan Pinji Seni 4, Taman Pinji Seni, 31650 Ipoh, Perak Darul Ridzuan.",04.57728,101.09695,(PK) Taman Pinji Seni,"['田之家粥底锅', 'Restaurant Li Garden 利苑饭店', 'Jie Seng Auto Car Service Centre']"
99speedmart,convenience_store,99SpeedMart @(PK) Taman Bagan Serai,"No: 17 & 18 (Ground Floor), Jalan Maharaja, Taman Bagan Serai, 34300 Bagan Serai, Perak Darul Ridzuan.",05.01252,100.53056,(PK) Taman Bagan Serai,"['Kedai Kopi Leman', 'Kopitan Classic White Coffee', 'Kedai Makan Paklong Kama']"
99speedmart,convenience_store,99SpeedMart @(PK) Bandar Seri Botani,"No: 16 & 18 (Ground Floor), Jalan Margosa D/7, Bandar Seri Botani, 31350 Ipoh, Perak Darul Ridzuan.",04.53680,101.09905,(PK) Bandar Seri Botani,"['J-Elecond', 'Laksa Telur Goreng Bersarang', 'Zarra Asmara Cafe']"
99speedmart,convenience_store,99SpeedMart @(PK) Taman Jerlun,"No: 30 & 32 (Ground Floor), Persiaran Jerlun 1, Taman Jerlun, 33000 Kuala Kangsar, Perak Darul Ridzuan.",04.73526,100.91445,(PK) Taman Jerlun,"['Restoren Kak Nab Tom Yam', '天下的食', '天下の食']"
99speedmart,convenience_store,99SpeedMart @(PK) Taman Bunga Raya,"No: 155 & 156 (Ground Floor), Jalan Bunga Raya, Taman Bunga Raya, Kampung Koh, 32000 Sitiawan, Perak Darul Ridzuan.",04.20519,100.69858,(PK) Taman Bunga Raya,"['Lee Motor Trading', '样样红海鲜酒家', 'Warung Pak Wan']"
99speedmart,convenience_store,99SpeedMart @(PK) Sauk,"No: 35 & 36 (Ground Floor), Persiaran Ria 4, Taman Ria Fasa 2, 33500 Sauk, Perak Darul Ridzuan.","4°56'2.6""N","100°55'16.5""E",(PK) Sauk,"['East', 'Estate', 'Writers Guild of America']"
99speedmart,convenience_store,99SpeedMart @(PK) Taman Kuala Kangsar,"No: 282 & 283 (Ground Floor), Laluan Meranti, Taman Kuala Kangsar, 33000 Kuala Kangsar, Perak Darul Ridzuan.","4°47'13.6""N","100°55'35.7""E",(PK) Taman Kuala Kangsar,"['East', 'Estate', 'Writers Guild of America']"
99speedmart,convenience_store,99SpeedMart @(PK) Taman Berkat,"No: 42 & 44 (Ground Floor), Lorong 1, Jalan Kampung Dew, Taman Berkat, 34700 Simpang, Perak Darul Ridzuan.","4°51'57.3""N","100°41'1.0""E",(PK) Taman Berkat,"['East', 'Estate', 'Writers Guild of America']"
99speedmart,convenience_store,99SpeedMart @(PK) Taman Seri Pongsu,"No: 23 & 25 (Ground Floor), Jalan Seri Pongsu, Taman Seri Pongsu, 34300 Bagan Serai, Perak Darul Ridzuan.","5°3'5.2""N","100°35'9.6""E",(PK) Taman Seri Pongsu,"['East', 'Estate', 'Writers Guild of America']"
99speedmart,convenience_store,99SpeedMart @(PK) Taman Permatang Maju,"No: 5 & 6 (Ground Floor), Jalan Permatang Maju 1, Taman Permatang Maju, Kg China, 32000 Sitiawan, Perak Darul Ridzuan.","4°11'20.5""N","100°41'30.4""E",(PK) Taman Permatang Maju,"['East', 'Estate', 'Writers Guild of America']"
99speedmart,convenience_store,99SpeedMart @(PK) Taman Bota Sejahtera,"No: 4 & 5 (Ground Floor), Jalan Bota Sejahtera 1, Taman Bota Sejahtera, Bota Kanan, 32600  Bota, Perak Darul Ridzuan.","4°21'3.3""N","100°52'55.1""E",(PK) Taman Bota Sejahtera,"['East', 'Estate', 'Writers Guild of America']"
99speedmart,convenience_store,99SpeedMart @(PK) PP Serai Prima,"No: 8 & 10 (Ground Floor), Jalan Prima 1, Pusat Perniagaan Serai Prima , 34300 Bagan Serai , Perak Darul Ridzuan.","5°1'9.6""N","100°29'55.9""E",(PK) PP Serai Prima,"['East', 'Estate', 'Writers Guild of America']"
99speedmart,convenience_store,99SpeedMart @(PK) Taman Kledang Permai,"No: 7 & 9 (Ground Floor), Jalan Kledang Permai 1, Taman Kledang Permai, 31450 Ipoh, Perak Darul Ridzuan.","4°35'9.3""N","101°2'2.0""E",(PK) Taman Kledang Permai,"['East', 'Estate', 'Writers Guild of America']"
99speedmart,convenience_store,99SpeedMart @(PK) Taman Ipoh Jaya,"No : 77 & 79 (Ground Floor), Selasar Rokam 11, Taman Ipoh Jaya, 31350 Ipoh, Perak Darul Ridzuan.","4°34'42.5""N","101°7'17.8""E",(PK) Taman Ipoh Jaya,"['East', 'Estate', 'Writers Guild of America']"
99speedmart,convenience_store,99SpeedMart @(PK) Taman Meru Perdana,"No: 73 & 75 (Ground Floor), Jalan Meru Perdana 1, Taman Meru Perdana, 31200 Chemor, Perak Darul Ridzuan.","4°41'3.4""N","101°4'59.1""E",(PK) Taman Meru Perdana,"['East', 'Estate', 'Writers Guild of America']"
99speedmart,convenience_store,99SpeedMart @(PK) Kampung Baru Bukit Merah,"No: 11 & 13 (Ground Floor), Hala Merah, Kampung Baru Bukit Merah, 31500 Lahat, Perak Darul Ridzuan.","4°32'51.2""N","101°2'23.3""E",(PK) Kampung Baru Bukit Merah,"['East', 'Estate', 'Writers Guild of America']"
99speedmart,convenience_store,99SpeedMart @(PK) Taman Matang Permai,"No: 8 & 10 (Ground Floor), Lorong DS 1, Taman Matang Permai , 34700 Matang, Perak Darul Ridzuan.","4°48'58.1""N","100°40'23.3""E",(PK) Taman Matang Permai,"['East', 'Estate', 'Writers Guild of America']"
99speedmart,convenience_store,99SpeedMart @(PK) Taman Desa Kruing,"No: 16 & 17 (Ground Floor), Jalan Changkat Kruing, Taman Desa Kruing, 32500 Changkat Kruing, Perak Darul Ridzuan.","4°22'53.0""N","100°41'17.1""E",(PK) Taman Desa Kruing,"['East', 'Estate', 'Writers Guild of America']"
99speedmart,convenience_store,99SpeedMart @(PK) Taman Mas,"No : 90 (Ground Floor), Jalan Taman Mas 1, Taman Mas, Jalan Air Kuning, 34000 Taiping, Perak Darul Ridzuan.","4°49'23.2""N","100°44'14.8""E",(PK) Taman Mas,"['East', 'Estate', 'Writers Guild of America']"
99speedmart,convenience_store,99SpeedMart @(PK) Medan Lavender,"No:  2 & 3 (Ground Floor), Persiaran Medan Lavender 1, Medan Lavender, 33000 Kuala Kangsar, Perak Darul Ridzuan.","4°46'27.0""N","100°54'45.5""E",(PK) Medan Lavender,"['East', 'Estate', 'Writers Guild of America']"
99speedmart,convenience_store,99SpeedMart @(PK) Pekan Gurney,"No : 1 & 2 (Ground Floor), Jalan Simpang 3, Taman Delima, Pekan Gurney, 32000 Sitiawan, Perak Darul Ridzuan.","4°13'16.8""N","100°44'39.7""E",(PK) Pekan Gurney,"['East', 'Estate', 'Writers Guild of America']"
99speedmart,convenience_store,99SpeedMart @(PK) Jalan Raja Musa Aziz,"No : 78 & 80 (Ground Floor), Jalan Raja Musa Aziz, 30300 Ipoh, Perak Darul Ridzuan.","4°35'56.3""N","101°4'58.0""E",(PK) Jalan Raja Musa Aziz,"['East', 'Estate', 'Writers Guild of America']"
99speedmart,convenience_store,99SpeedMart @(PK) Taman Kampar Barat,"No: 37 (Ground Floor), Jalan Kampar Barat 1, Taman Kampar Barat, 31900 Kampar, Perak Darul Ridzuan.","4°19'19.5""N","101°7'25.6""E",(PK) Taman Kampar Barat,"['East', 'Estate', 'Writers Guild of America']"
99speedmart,convenience_store,99SpeedMart @(PK) Taman Pekan Baru,"No: Lot 4297 (Ground Floor), Jalan Merbuk, Taman Pekan Baru, 34200 Parit Buntar, Perak Darul Ridzuan.","5°7'23.3""N","100°29'12.3""E",(PK) Taman Pekan Baru,"['East', 'Estate', 'Writers Guild of America']"
99speedmart,convenience_store,99SpeedMart @(PK) Taman Sri Hijau,"No : 43 & 45 (Ground Floor), Jalan Unta, Taman Sri Hijau, 34000 Taiping, Perak Darul Ridzuan.","4°50'14.2""N","100°44'13.0""E",(PK) Taman Sri Hijau,"['East', 'Estate', 'Writers Guild of America']"
99speedmart,convenience_store,99SpeedMart @(PK) Taman Kurau Aman,"No: 9 & 11  (Ground Floor), Lintang Aman 1, Taman Kurau Aman, 34350 Kuala Kurau, Perak Darul Ridzuan.","5°0'58.7""N","100°25'27.4""E",(PK) Taman Kurau Aman,"['East', 'Estate', 'Writers Guild of America']"
99speedmart,convenience_store,99SpeedMart @(PK) Taman Orkid,"No: Lot 10530 & 10531 (Ground Floor), Jalan Bidor, Taman Orkid - Batu 12, 36020 Teluk Intan, Perak Darul Ridzuan.","4°0'3.3""N","101°10'9.5""E",(PK) Taman Orkid,"['East', 'Estate', 'Writers Guild of America']"
99speedmart,convenience_store,99SpeedMart @(PK) Taman Bukit Mas,"No: 9 & 11 (Ground Floor), Lorong 1, Taman Bukit Mas, 34000 Taiping Perak Darul Ridzuan.","4°52'44.3""N","100°44'26.6""E",(PK) Taman Bukit Mas,"['East', 'Estate', 'Writers Guild of America']"
99speedmart,convenience_store,99SpeedMart @(PK) Taman Perkasa,"No: 25 & 27 (Ground Floor), Jalan Perkasa 1, Taman Perkasa, 36000 Teluk Intan, Perak Darul Ridzuan.","3°59'28.2""N","101°1'7.8""E",(PK) Taman Perkasa,"['East', 'Estate', 'Writers Guild of America']"
99speedmart,convenience_store,99SpeedMart @(PK) Lekir,"No: 1 & 2 (Ground Floor), Jalan Lekir Maju 1, Taman Lekir Maju , 32000 Sitiawan, Perak Darul Ridzuan.","4°9'52.7""N","100°42'39.5""E",(PK) Lekir,"['East', 'Estate', 'Writers Guild of America']"
99speedmart,convenience_store,99SpeedMart @(PK) Taman Panglima Jaya,"No: Lot 18966A  (Ground Floor), Jalan Panglima Jaya, Taman Panglima Jaya, 34000 Taiping, Perak Darul Ridzuan.","4°52'6.8""N","100°43'13.1""E",(PK) Taman Panglima Jaya,"['East', 'Estate', 'Writers Guild of America']"
99speedmart,convenience_store,99SpeedMart @(PK) Kampung Boyan,"No: 116 & 118 (Ground Floor), Lorong 4, Taman Bersatu, Kampung Boyan, 34000 Taiping, Perak Darul Ridzuan.","4°50'31.7""N","100°43'2.5""E",(PK) Kampung Boyan,"['East', 'Estate', 'Writers Guild of America']"
99speedmart,convenience_store,99SpeedMart @(PK) Taman Pantai Remis Jaya,"No: 84 & 85 (Ground Floor), Lorong Pantai Remis Jaya 6, Taman Pantai Remis Jaya, 34900 Pantai Remis, Perak Darul Ridzuan.","4°27'24.6""N","100°37'42.1""E",(PK) Taman Pantai Remis Jaya,"['East', 'Estate', 'Writers Guild of America']"
99speedmart,convenience_store,99SpeedMart @(PK) Pinji Centrepoint,"No: 99 (Ground Floor), Jalan Bharu Off Jalan Tokong, Pinji Centrepoint, 31650 Ipoh, Perak Darul Ridzuan.","4°35'4.7""N","101°5'3.1""E",(PK) Pinji Centrepoint,"['East', 'Estate', 'Writers Guild of America']"
99speedmart,convenience_store,99SpeedMart @(PK) PP Sungkai,"No: 11 & 12 (Ground Floor), Jalan PPS 1, Pusat Perniagaan Sungkai, 35600 Sungkai, Perak Darul Ridzuan.","3°59'52.9""N","101°18'19.8""E",(PK) PP Sungkai,"['East', 'Estate', 'Writers Guild of America']"
99speedmart,convenience_store,99SpeedMart @(PK) Kuala Gula,"No: 52 & 54 (Ground Floor), Jalan Bersatu 1, Taman Bersatu, Kuala Gula, 34350 Kuala Kurau, Perak Darul Ridzuan.","4°56'1.8""N","100°27'47.8""E",(PK) Kuala Gula,"['East', 'Estate', 'Writers Guild of America']"
99speedmart,convenience_store,99SpeedMart @(PK) Taman Shatin,"No: 28 & 30 (Ground Floor), Jalan Pasir Puteh, Taman Shatin, 31650 Ipoh, Perak Darul Ridzuan.","4°33'49.6""N","101°4'40.4""E",(PK) Taman Shatin,"['East', 'Estate', 'Writers Guild of America']"
99speedmart,convenience_store,99SpeedMart @(PK) Lenggong,"No: 17 & 19 (Ground Floor), Jalan L/8 Utama, Pusat Perniagaan Lenggong 8, 33400 Lenggong, Perak Darul Ridzuan.","5°6'27.8""N","100°58'1.6""E",(PK) Lenggong,"['East', 'Estate', 'Writers Guild of America']"
99speedmart,convenience_store,99SpeedMart @(PK) Medan Saujana,"No: 34 (Ground Floor), Jalan Medan Saujana 3, Medan Saujana, 34600 Kamunting, Perak Darul Ridzuan.","4°52'40.2""N","100°43'31.0""E",(PK) Medan Saujana,"['East', 'Estate', 'Writers Guild of America']"
99speedmart,convenience_store,99SpeedMart @(PK) Taman Bougainvillea Utama,"No: 17 & 18 (Ground Floor), Persiaran Bougainvillea Utama 1, Taman Bougainvillea Utama, 33010 Kuala Kangsar, Perak Darul Ridzuan.","4°46'50.6""N","100°53'38.5""E",(PK) Taman Bougainvillea Utama,"['East', 'Estate', 'Writers Guild of America']"
99speedmart,convenience_store,99SpeedMart @(PK) Taman Sejati,"No: 24 & 25 (Ground Floor), Jalan Sejati 3/1, Taman Sejati, 32000 Sitiawan, Perak Darul Ridzuan.","4°12'39.4""N","100°40'36.4""E",(PK) Taman Sejati,"['East', 'Estate', 'Writers Guild of America']"
99speedmart,convenience_store,99SpeedMart @(PK) Taman Mawar Lestari,"No: 18 & 19 (Ground Floor), Jalan Mawar Lestari 1, Taman Mawar Lestari, 34100 Selama, Perak Darul Ridzuan.","5°13'41.0""N","100°42'11.3""E",(PK) Taman Mawar Lestari,"['East', 'Estate', 'Writers Guild of America']"
99speedmart,convenience_store,99SpeedMart @(PK) Chenderiang 2,"No: 26 & 28 (Ground Floor), Jalan Pasar, Bandar Chenderiang, 35000 Tapah, Perak Darul Ridzuan.","4°15'54.6""N","101°14'10.0""E",(PK) Chenderiang 2,"['East', 'Estate', 'Writers Guild of America']"
99speedmart,convenience_store,99SpeedMart @(PK) Taman Piandang Indah,"No: 2 & 2A (Ground Floor), Jalan Piandang 18, Taman Piandang Indah, 34250 Tanjong Piandang, Perak Darul Ridzuan.","5°4'12.0""N","100°23'12.2""E",(PK) Taman Piandang Indah,"['East', 'Estate', 'Writers Guild of America']"
99speedmart,convenience_store,99SpeedMart @(PK) Taman Sekiah Makmur,"No: 15 & 17 (Ground Floor), Jalan Makmur Utama, Taman Sekiah Makmur, 35900 Tanjung Malim, Perak Darul Ridzuan.","3°45'19.8""N","101°29'51.5""E",(PK) Taman Sekiah Makmur,"['East', 'Estate', 'Writers Guild of America']"
99speedmart,convenience_store,99SpeedMart @(PK) Medan Acheh,"No: 16 (Ground Floor), Jalan Acheh 1, Medan Acheh, 32000 Sitiawan, Perak Darul Ridzuan.","4°14'14.9""N","100°40'58.1""E",(PK) Medan Acheh,"['East', 'Estate', 'Writers Guild of America']"
99speedmart,convenience_store,99SpeedMart @(PK) Taman Nakhoda,"No: 28 & 29 (Ground Floor), Jalan Nakhoda 1, Taman Nakhoda, 32200 Lumut, Perak Darul Ridzuan.","4°16'27.0""N","100°40'12.8""E",(PK) Taman Nakhoda,"['East', 'Estate', 'Writers Guild of America']"
99speedmart,convenience_store,99SpeedMart @(PK) Kawasan Perusahaan Kamunting,"No: 51 & 53 (Ground Floor), Lorong PK 7, Kawasan Perusahaan Kamunting, 34600 Kamunting, Perak Darul Ridzuan.","4°53'50.0""N","100°42'45.0""E",(PK) Kawasan Perusahaan Kamunting,"['East', 'Estate', 'Writers Guild of America']"
99speedmart,convenience_store,99SpeedMart @(PK) Taman Pengkalan Maju,"No: 13 & 15 (Ground Floor), Jalan Susur Maju, Taman Pengkalan Maju, 34700 Simpang, Perak Darul Ridzuan.","4°48'53.0""N","100°43'55.2""E",(PK) Taman Pengkalan Maju,"['East', 'Estate', 'Writers Guild of America']"
99speedmart,convenience_store,99SpeedMart @(PK) Taman Bercham Maju,"No: 12-1 & 16 (Ground Floor), Dataran Tasek Timur 6, Taman Bercham Maju, 31400 Ipoh , Perak Darul Ridzuan","4°38'41.9""N","101°7'31.4""E",(PK) Taman Bercham Maju,"['East', 'Estate', 'Writers Guild of America']"
99speedmart,convenience_store,99SpeedMart @(PK) Bandar Cyber,"No: 32 & 34 (Ground Floor), Lebuh Lapangan Siber 2, Bandar Cyber, 31350 Ipoh, Perak Darul Ridzuan.","4°32'47.2""N","101°6'30.9""E",(PK) Bandar Cyber,"['East', 'Estate', 'Writers Guild of America']"
99speedmart,convenience_store,99SpeedMart @(PG) Jalan Perak,"No: 177 & 185 (Ground Floor), Jalan Perak, 10150 Pulau Pinang.","5°24'39.9""N","100°18'50.9""E",(PG) Jalan Perak,"['East', 'Estate', 'Writers Guild of America']"
99speedmart,convenience_store,99SpeedMart @(PK) Taman Buntong Jaya,"No: 2 & 4 (Ground Floor), Persiaran Buntong Jaya 14, Taman Buntong Jaya, 30100 Ipoh, Perak Darul Ridzuan.","4°35'59.9""N","101°2'43.2""E",(PK) Taman Buntong Jaya,"['East', 'Estate', 'Writers Guild of America']"
99speedmart,convenience_store,99SpeedMart @(PK) Taman Selamat,"No: 18 & 19 (Ground Floor), Taman Selamat Ayer Tawar, 32400 Ayer Tawar, Perak Darul Ridzuan.","4°18'26.2""N","100°45'39.3""E",(PK) Taman Selamat,"['East', 'Estate', 'Writers Guild of America']"
99speedmart,convenience_store,99SpeedMart @(PK) Taman Simpang Bersatu,"No: 45 & 47 (Ground Floor), Lorong Bersatu 11, Taman Simpang Bersatu, 34700 Simpang, Perak Darul Ridzuan.","4°50'45.8""N","100°42'14.2""E",(PK) Taman Simpang Bersatu,"['East', 'Estate', 'Writers Guild of America']"
99speedmart,convenience_store,99SpeedMart @(PK) Taman Gemilang Hutan Melintang,"No: 8 & 9 (Ground Floor), Lorong Gemilang, Taman Gemilang, 36400 Hutan Melintang, Perak Darul Ridzuan.","3°52'27.0""N","100°55'54.3""E",(PK) Taman Gemilang Hutan Melintang,"['East', 'Estate', 'Writers Guild of America']"
99speedmart,convenience_store,99SpeedMart @(PK) Taman Raflesia,"No: 19 & 20 (Ground Floor), Jalan Raflesia 1, Taman Raflesia Fasa 1, 33300 Gerik, Perak Darul Ridzuan.","5°24'46.9""N","101°7'35.1""E",(PK) Taman Raflesia,"['East', 'Estate', 'Writers Guild of America']"
99speedmart,convenience_store,99SpeedMart @(PK) Taman Ilham,"No: 4 & 5 (Ground Floor), Jalan Ilham 1, Taman Ilham, 32400 Ayer Tawar, Perak Darul Ridzuan.","4°21'0.6""N","100°47'26.3""E",(PK) Taman Ilham,"['East', 'Estate', 'Writers Guild of America']"
99speedmart,convenience_store,99SpeedMart @(PK) Sungai Gedong,"No: 5 & 6 (Ground Floor), Jalan Besar Sungai Gedong, 34300 Bagan Serai, Perak Darul Ridzuan.","4°58'28.8""N","100°36'9.5""E",(PK) Sungai Gedong,"['East', 'Estate', 'Writers Guild of America']"
99speedmart,convenience_store,99SpeedMart @(PK) Jalan Pasir Puteh,"No 221 & 223 (Ground Floor), Jalan Pasir Puteh, 31650 Ipoh, Perak Darul Ridzuan.","4°34'56.8""N","101°4'46.9""E",(PK) Jalan Pasir Puteh,"['East', 'Estate', 'Writers Guild of America']"
99speedmart,convenience_store,99SpeedMart @(PK) Taman Ipoh Timur,"No 11 & 15 (Ground Floor), Jalan Perajurit, Taman Ipoh Timur, 31400 Ipoh, Perak Darul Ridzuan","4°36'51.8""N","101°7'21.8""E",(PK) Taman Ipoh Timur,"['East', 'Estate', 'Writers Guild of America']"
99speedmart,convenience_store,99SpeedMart @(PK) Bercham Sinar,"No 140 & 142 (Ground Floor), Lebuh Bercham Timur, Bercham Sinar, 31400  Ipoh, Perak Darul Ridzuan.","4°37'44.0""N","101°8'2.8""E",(PK) Bercham Sinar,"['East', 'Estate', 'Writers Guild of America']"
99speedmart,convenience_store,99SpeedMart @(PK) Taman Seri Raban,"No: 4 & 5 (Ground Floor), Jalan Seri Raban 2,  Taman Seri Raban, 33400 Lenggong, Perak Darul Ridzuan","5°0'18.0""N","100°56'58.9""E",(PK) Taman Seri Raban,"['East', 'Estate', 'Writers Guild of America']"
99speedmart,convenience_store,99SpeedMart @(PK) PP Setia Jaya,"No 6 & 8 (Ground Floor), Jalan Asuhan, Pusat Perniagaan Setia Jaya, 34200 Parit Buntar, Perak Darul Ridzuan.","5°7'39.4""N","100°28'54.8""E",(PK) PP Setia Jaya,"['East', 'Estate', 'Writers Guild of America']"
99speedmart,convenience_store,99SpeedMart @(PK) Behrang Residen,"No: 15 & 16 (Ground Floor), Jalan Residen 1, Behrang Residen, 35950 Behrang Stesen, Perak Darul Ridzuan.","3°44'46.8""N","101°27'16.2""E",(PK) Behrang Residen,"['East', 'Estate', 'Writers Guild of America']"
99speedmart,convenience_store,99SpeedMart @(PK) Lembah Beriah,"No: 25 & 27 (Ground Floor), Jalan Lembah Beriah 1/1, Lembah Beriah, 34310 Bagan Serai, Perak Darul Ridzuan.","5°4'6.1""N","100°38'59.8""E",(PK) Lembah Beriah,"['East', 'Estate', 'Writers Guild of America']"
99speedmart,convenience_store,99SpeedMart @(PK) Taman Metah,"No: 1 (Ground Floor), Lorong Permata 1, Taman Metah, 36000 Teluk Intan, Perak Darul Ridzuan.","3°59'36.3""N","100°59'49.6""E",(PK) Taman Metah,"['East', 'Estate', 'Writers Guild of America']"
99speedmart,convenience_store,99SpeedMart @(PK) Taman Suria Jaya,"No: 106 & 107 (Ground Floor), Jalan Suria Jaya 1, Taman Suria Jaya, 32000 Sitiawan, Perak Darul Ridzuan.","4°12'22.0""N","100°41'19.9""E",(PK) Taman Suria Jaya,"['East', 'Estate', 'Writers Guild of America']"
99speedmart,convenience_store,99SpeedMart @(PK) Setia Residen,"No: 445 & 446 (Ground Floor), Persiaran Setia 20, Setia Residen, 32000 Sitiawan, Perak Darul Ridzuan.","4°12'43.8""N","100°42'15.6""E",(PK) Setia Residen,"['East', 'Estate', 'Writers Guild of America']"
99speedmart,convenience_store,99SpeedMart @(PK) Lapangan Perdana 2,"No: 55 & 57 (Ground Floor), Laluan Lapangan Perdana 1, Panorama Lapangan Perdana, 31650 Ipoh, Perak Darul Ridzuan.","4°33'0.8""N","101°5'7.8""E",(PK) Lapangan Perdana 2,"['East', 'Estate', 'Writers Guild of America']"
99speedmart,convenience_store,99SpeedMart @(PK) Pusat Bandar Bercham Timur,"No: 34 & 36  (Ground Floor), Persiaran Medan Bercham 7, Pusat Bandar Bercham Timur, 31400 Ipoh, Perak Darul Ridzuan.","4°38'27.3""N","101°8'1.3""E",(PK) Pusat Bandar Bercham Timur,"['East', 'Estate', 'Writers Guild of America']"
99speedmart,convenience_store,99SpeedMart @(PK) Bandar Baru Seri Manjung,"No: 40 & 41  (Ground Floor), Bandar Baru Seri Manjung Fasa 1C4, 32040 Seri Manjung, Perak Darul Ridzuan.","4°11'50.0""N","100°39'57.9""E",(PK) Bandar Baru Seri Manjung,"['East', 'Estate', 'Writers Guild of America']"
99speedmart,convenience_store,99SpeedMart @(PK) Taman Wangi Sentosa,"No: 2 & 3 (Ground Floor), Jalan Wangi Sentosa 1, Taman Wangi Sentosa, 32400 Ayer Tawar, Perak Darul Ridzuan.","4°15'36.1""N","100°43'32.1""E",(PK) Taman Wangi Sentosa,"['East', 'Estate', 'Writers Guild of America']"
99speedmart,convenience_store,99SpeedMart @(PK) Taman Langkap,"No: PT 2874 & PT 2875 (Ground Floor), Taman Langkap, 36700 Langkap, Perak Darul Ridzuan.","4°4'25.3""N","101°8'58.1""E",(PK) Taman Langkap,"['East', 'Estate', 'Writers Guild of America']"
99speedmart,convenience_store,99SpeedMart @(PK) Taman Slim Permata,"No: 13A-A & 15-A (Ground Floor), Persiaran Slim Permata, Taman Slim Permata, 35800 Slim River,  Perak Darul Ridzuan.","3°49'13.6""N","101°24'42.5""E",(PK) Taman Slim Permata,"['East', 'Estate', 'Writers Guild of America']"
99speedmart,convenience_store,99SpeedMart @(PK) Taman Mewah Ipoh,"No: 34 & 36 (Ground Floor), Laluan Tasek Timur 15, Taman Mewah, 31400 Ipoh, Perak Darul Ridzuan.","4°38'7.0""N","101°7'19.7""E",(PK) Taman Mewah Ipoh,"['East', 'Estate', 'Writers Guild of America']"
99speedmart,convenience_store,99SpeedMart @(PK) Taman Desa Aman Teluk Intan,"No: 21 & 23 (Ground Floor), Jalan Desa Aman 1, Taman Desa Aman, 36000 Teluk Intan, Perak Darul Ridzuan.","3°57'26.2""N","100°58'20.8""E",(PK) Taman Desa Aman Teluk Intan,"['East', 'Estate', 'Writers Guild of America']"
99speedmart,convenience_store,99SpeedMart @(PK) Pekan Selekoh,"No: 36 & 37 (Ground Floor), Pekan Selekoh, 36200 Selekoh, Perak Darul Ridzuan.","3°54'26.8""N","100°46'9.6""E",(PK) Pekan Selekoh,"['East', 'Estate', 'Writers Guild of America']"
99speedmart,convenience_store,99SpeedMart @(PK) Halaman Meru Aman,"No: 26 & 28 (Ground Floor), Jalan Meru Aman 2, Halaman Meru Aman, 30020 Ipoh, Perak Darul Ridzuan.","4°39'30.9""N","101°5'11.1""E",(PK) Halaman Meru Aman,"['East', 'Estate', 'Writers Guild of America']"
99speedmart,convenience_store,99SpeedMart @(PK) Taman Ipoh Selatan,"No: 33 & 35 (Ground Floor), Lorong Taman Ipoh 1, Taman Ipoh Selatan, 31400 Ipoh, Perak Darul Ridzuan.","4°36'29.5""N","101°6'59.6""E",(PK) Taman Ipoh Selatan,"['East', 'Estate', 'Writers Guild of America']"
99speedmart,convenience_store,99SpeedMart @(PK) Taman Panchor Damai,"No: 107 & 108 (Ground Floor), Jalan Panchor Damai 1, Taman Panchor Damai, 34900 Pantai Remis, Perak Darul Ridzuan.","4°31'28.8""N","100°39'4.2""E",(PK) Taman Panchor Damai,"['East', 'Estate', 'Writers Guild of America']"
99speedmart,convenience_store,99SpeedMart @(PK) Taman Kurau Lestari,"No: 5 & 7 (Ground Floor), Lintang Lestari 1, Taman Kurau Lestari, 34350 Kuala Kurau, Perak Darul Ridzuan.","5°1'32.6""N","100°28'1.1""E",(PK) Taman Kurau Lestari,"['East', 'Estate', 'Writers Guild of America']"
99speedmart,convenience_store,99SpeedMart @(PK) Taman Wong Beng Hea,"No: 202 & 203 (Ground Floor), Medan Bauhinia 2, Taman Wong Beng Hea, Kampung Koh, 32000 Sitiawan, Perak Darul Ridzuan.","4°11'39.4""N","100°41'53.6""E",(PK) Taman Wong Beng Hea,"['East', 'Estate', 'Writers Guild of America']"
99speedmart,convenience_store,99SpeedMart @(PK) Taman Harmoni,"No: 1 & 2 (Ground Floor), Lorong 1, Taman Harmoni, 36400 Hutan Melintang, Perak Darul Ridzuan.","3°53'42.6""N","100°56'26.2""E",(PK) Taman Harmoni,"['East', 'Estate', 'Writers Guild of America']"
99speedmart,convenience_store,99SpeedMart @(PK) Taman Klebang Sentosa,"No: 95 & 97 (Ground Floor), Jalan Klebang Sentosa 2, Taman Klebang Sentosa, 31200 Ipoh, Perak Darul Ridzuan.","4°41'10.8""N","101°7'59.4""E",(PK) Taman Klebang Sentosa,"['East', 'Estate', 'Writers Guild of America']"
99speedmart,convenience_store,99SpeedMart @(PK) Komersial Waterfront,"No: 109 & 110 (Ground Floor), Persiaran Komersial 1, Komersial Waterfront, Jalan Lintang, 31100 Sungai Siput, Perak Darul Ridzuan.","4°49'59.4""N","101°4'40.9""E",(PK) Komersial Waterfront,"['East', 'Estate', 'Writers Guild of America']"
99speedmart,convenience_store,99SpeedMart @(PK) ILBP 3 Business Park,"No: 6 & 8 (Ground Floor), Susur ILBP 3 Business Park, Jalan Istana, 34000 Taiping, Perak Darul Ridzuan.","4°51'41.8""N","100°44'4.9""E",(PK) ILBP 3 Business Park,"['East', 'Estate', 'Writers Guild of America']"
99speedmart,convenience_store,99SpeedMart @(PK) PP Tasek Indra,"No: 13 & 15 (Ground Floor), Laluan Tasek Timur 5, Pusat Perdagangan Tasek Indra, 31400 Ipoh, Perak Darul Ridzuan.","4°37'42.5""N","101°6'51.9""E",(PK) PP Tasek Indra,"['East', 'Estate', 'Writers Guild of America']"
99speedmart,convenience_store,99SpeedMart @(PK) Taman Menglembu Bestari,"No: 15 & 17 (Ground Floor), Jalan Menglembu Bestari 1, Taman Menglembu Bestari, 31450 Menglembu, Perak Darul Ridzuan.","4°33'42.0""N","101°3'9.5""E",(PK) Taman Menglembu Bestari,"['East', 'Estate', 'Writers Guild of America']"
99speedmart,convenience_store,99SpeedMart @(PK) Taman Yayasan,"No: 1 (Ground Floor),  Lorong Yayasan 12, Taman Yayasan, 34600 Kamunting, Perak Darul Ridzuan.","4°53'10.1""N","100°42'16.8""E",(PK) Taman Yayasan,"['East', 'Estate', 'Writers Guild of America']"
99speedmart,convenience_store,99SpeedMart @(PK) Pusat Bandar Seri Manjung,"No: 30 & 31 (Ground floor), Pusat Bandar Seri Manjung, 32040 Seri Manjung, Perak Darul Ridzuan.","4°12'13.1""N","100°40'8.7""E",(PK) Pusat Bandar Seri Manjung,"['East', 'Estate', 'Writers Guild of America']"
99speedmart,convenience_store,99SpeedMart @(PK) Anjung Tawas Impiana,"No: 60 & 62 (Ground Floor), Laluan Tawas Damai, Anjung Tawas Impiana, 30010 Ipoh, Perak Darul Ridzuan.","4°39'46.3""N","101°6'38.3""E",(PK) Anjung Tawas Impiana,"['East', 'Estate', 'Writers Guild of America']"
99speedmart,convenience_store,99SpeedMart @(PK) Medan Pinggiran Trong,"No: 19 & 21 (Ground Floor), Jalan MP 1, Medan Pinggiran Trong, Sungai Kerang, 34800 Taiping, Perak Darul Ridzuan.","4°36'35.0""N","100°40'49.7""E",(PK) Medan Pinggiran Trong,"['East', 'Estate', 'Writers Guild of America']"
99speedmart,convenience_store,99SpeedMart @(PK) Taman Bercham Idaman,"No: 43 & 45 (Ground Floor), Bercham Idaman 1, Taman Bercham Idaman, 31400 Ipoh, Perak Darul Makmur.","4°38'52.2""N","101°7'46.0""E",(PK) Taman Bercham Idaman,"['East', 'Estate', 'Writers Guild of America']"
99speedmart,convenience_store,99SpeedMart @(PK) Taman Teratai,"No: 1 (Ground Floor), Jalan Teratai 1, Taman Teratai, 35000 Tapah, Perak Darul Ridzuan.","4°12'42.3""N","101°16'2.8""E",(PK) Taman Teratai,"['East', 'Estate', 'Writers Guild of America']"
99speedmart,convenience_store,99SpeedMart @(PK) Taman Kampar Perdana,"No: 17 & 18 (Ground Floor), Jalan Perdana, Taman Kampar Perdana, 31900 Kampar, Perak Darul Ridzuan.","4°20'9.7""N","101°9'4.0""E",(PK) Taman Kampar Perdana,"['East', 'Estate', 'Writers Guild of America']"
99speedmart,convenience_store,99SpeedMart @(PK) PP Chemor,"No: 2 & 4 (Ground Floor), Jalan Chemor 1, Pusat Perniagaan Chemor, 31200 Chemor, Perak Darul Ridzuan.","4°43'26.1""N","101°7'7.8""E",(PK) PP Chemor,"['East', 'Estate', 'Writers Guild of America']"
99speedmart,convenience_store,99SpeedMart @(PK) Taman Bukit Hijau,"No: 5 & 7 (Ground Floor), Persiaran Hijau 1, Taman Bukit Hijau, 35000 Tapah, Perak Darul Ridzuan.","4°12'45.6""N","101°15'6.6""E",(PK) Taman Bukit Hijau,"['East', 'Estate', 'Writers Guild of America']"
99speedmart,convenience_store,99SpeedMart @(PK) Medan Rethna,"No: 1 (Ground Floor), Jalan Batu 3 1/2, Medan Rethna, 36000 Teluk Intan, Perak Darul Ridzuan.","3°59'30.0""N","101°3'22.5""E",(PK) Medan Rethna,"['East', 'Estate', 'Writers Guild of America']"
99speedmart,convenience_store,99SpeedMart @(PK) PP Gerik,"No: 20 & 21 (Ground Floor), Jalan Pusat Perindustrian Utama, Pusat Perindustrian Gerik Fasa 2, 33300 Gerik, Perak Darul Ridzuan.","5°27'47.2""N","101°8'8.8""E",(PK) PP Gerik,"['East', 'Estate', 'Writers Guild of America']"
99speedmart,convenience_store,99SpeedMart @(PK) Desa Bercham,"No: 90 & 92 (Ground Floor), Lebuh Bercham Selatan, Desa Bercham, 31400 Ipoh, Perak Darul Ridzuan.","4°37'26.0""N","101°7'22.0""E",(PK) Desa Bercham,"['East', 'Estate', 'Writers Guild of America']"
99speedmart,convenience_store,99SpeedMart @(PK) Taman Gopeng Baru,"No: 13 & 14 (Ground Floor), Jalan Mulia, Taman Gopeng Baru, 31600 Gopeng, Perak Darul Ridzuan.","4°28'1.4""N","101°9'42.8""E",(PK) Taman Gopeng Baru,"['East', 'Estate', 'Writers Guild of America']"
99speedmart,convenience_store,99SpeedMart @(PK) Taman Kinta,"No: K7 & K8 (Ground Floor), Taman Kinta, 31600 Gopeng, Perak Darul Ridzuan.","4°27'32.2""N","101°8'58.4""E",(PK) Taman Kinta,"['East', 'Estate', 'Writers Guild of America']"
99speedmart,convenience_store,99SpeedMart @(PK) Arena Prima Meru,"No: 13 & 15 (Ground Floor), Jalan Prima Meru 1, Arena Prima Meru, 30020 Ipoh, Perak Darul Ridzuan.","4°40'42.0""N","101°4'28.7""E",(PK) Arena Prima Meru,"['East', 'Estate', 'Writers Guild of America']"
99speedmart,convenience_store,99SpeedMart @(PK) Taman Kinding Raya,"No : 52 & 54 (Ground Floor), Jalan Kinding Raya 3, Taman Kinding Raya, 31250 Tanjong Rambutan, Perak Darul Ridzuan.","4°42'27.0""N","101°8'39.8""E",(PK) Taman Kinding Raya,"['East', 'Estate', 'Writers Guild of America']"
99speedmart,convenience_store,99SpeedMart @(PK) Jalan Pasir Puteh 2,"No: 635 & 637 (Ground Floor), Jalan Pasir Puteh, 31650 Ipoh, Perak Darul Ridzuan.","4°34'10.9""N","101°4'39.7""E",(PK) Jalan Pasir Puteh 2,"['East', 'Estate', 'Writers Guild of America']"
99speedmart,convenience_store,99SpeedMart @(PK) Medan Kamunting,"No : 16 & 18 (Ground Floor), Jalan Medan Kamunting 5, Medan Kamunting, 34600 Kamunting, Perak Darul Ridzuan.","4°53'29.2""N","100°43'51.8""E",(PK) Medan Kamunting,"['East', 'Estate', 'Writers Guild of America']"
99speedmart,convenience_store,99SpeedMart @(PK) Jalan Bijih Timah,"No: 18, 20 & 22 (Ground Floor), Jalan Bijih Timah, 30000 Ipoh, Perak Darul Ridzuan.","4°35'40.3""N","101°4'34.2""E",(PK) Jalan Bijih Timah,"['East', 'Estate', 'Writers Guild of America']"
99speedmart,convenience_store,99SpeedMart @(PK) Taman Teratai Sitiawan,"No: 12 & 13 (Ground Floor), Taman Teratai, 32000 Sitiawan, Perak Darul Ridzuan.","4°12'46.1""N","100°41'37.5""E",(PK) Taman Teratai Sitiawan,"['East', 'Estate', 'Writers Guild of America']"
99speedmart,convenience_store,99SpeedMart @(PK) Jalan Raja Permaisuri Bainun,"No : 108B & 108C (Ground Floor), Jalan Raja Permaisuri Bainun, 30250 Ipoh, Perak Darul Ridzuan.","4°35'3.1""N","101°5'23.4""E",(PK) Jalan Raja Permaisuri Bainun,"['East', 'Estate', 'Writers Guild of America']"
99speedmart,convenience_store,99SpeedMart @(PK) Taman Indah,"No: 115 & 116 (Ground Floor), Jalan Taiping, Taman Indah, 33000 Kuala Kangsar, Perak Darul Ridzuan.","4°46'21.3""N","100°55'28.3""E",(PK) Taman Indah,"['East', 'Estate', 'Writers Guild of America']"
99speedmart,convenience_store,99SpeedMart @(PK) Taman Mesra Rakyat,"No: 9 & 10 (Ground Floor), Jalan Mesra 1, Taman Mesra Rakyat, 31900 Kampar, Perak Darul Ridzuan.","4°17'14.5""N","101°8'17.9""E",(PK) Taman Mesra Rakyat,"['East', 'Estate', 'Writers Guild of America']"
99speedmart,convenience_store,99SpeedMart @(PK) Kampung Baru Simpang Dua,"No : 120 & 121 (Ground Floor), Jalan Besar, Kampung Baru Simpang Dua, 32000 Sitiawan, Perak Darul Ridzuan.","4°11'55.4""N","100°43'40.9""E",(PK) Kampung Baru Simpang Dua,"['East', 'Estate', 'Writers Guild of America']"
99speedmart,convenience_store,99SpeedMart @(PK) Bandar Seri Botani 2,"No : 1 & 3 (Ground Floor), Jalan Bougainvillea A/1, Bandar Seri Botani, 31350 Ipoh, Perak Darul Ridzuan.","4°31'40.6""N","101°6'5.9""E",(PK) Bandar Seri Botani 2,"['East', 'Estate', 'Writers Guild of America']"
99speedmart,convenience_store,99SpeedMart @(PK) Pusat Perniagaan Silibin,"No: 7 & 9 (Ground Floor), Jalan Pusat Perniagaan Silibin 4, Pusat Perniagaan Silibin, 30100 Ipoh, Perak Darul Ridzuan.","4°37'0.9""N","101°3'11.8""E",(PK) Pusat Perniagaan Silibin,"['East', 'Estate', 'Writers Guild of America']"
99speedmart,convenience_store,99SpeedMart @(PK) Taman Bakti,"No: 15 & 16 (Ground Floor), Lorong Bakti 1, Taman Bakti, Jalan Tapah Road, 35400 Tapah Road Perak Darul Ridzuan.","4°7'30.1""N","101°8'46.5""E",(PK) Taman Bakti,"['East', 'Estate', 'Writers Guild of America']"
99speedmart,convenience_store,99SpeedMart @(PK) Kampung Tengku Hussein Baru,"No: 9 & 11 (Ground Floor), Jalan Syukur, , Kampung Tengku Hussein Baru, 30020 Ipoh, Perak Darul Ridzuan.","4°37'11.7""N","101°3'26.4""E",(PK) Kampung Tengku Hussein Baru,"['East', 'Estate', 'Writers Guild of America']"
99speedmart,convenience_store,99SpeedMart @(PK) Taman Bercham Baru,"No : 9 & 11 (Ground Floor), Persiaran Bercham Timur 1, Taman Bercham Baru, 31400 Ipoh, Perak Darul Ridzuan.","4°38'19.2""N","101°7'41.5""E",(PK) Taman Bercham Baru,"['East', 'Estate', 'Writers Guild of America']"
99speedmart,convenience_store,99SpeedMart @(PK) PP Ampang Baru,"No : 29 & 31 (Ground Floor), Jalan Ampang Baru 6c, Pusat Perdagangan Ampang Baru, 31350 Ipoh, Perak Darul Ridzuan.","4°35'4.9""N","101°7'24.1""E",(PK) PP Ampang Baru,"['East', 'Estate', 'Writers Guild of America']"
99speedmart,convenience_store,99SpeedMart @(PK) Jalan Baling,"No: PT 5004 & PT 5005 (Ground Floor), Jalan Baling, 33100 Pengkalan Hulu, Perak Darul Ridzuan.","5°42'45.5""N","100°59'38.9""E",(PK) Jalan Baling,"['East', 'Estate', 'Writers Guild of America']"
99speedmart,convenience_store,99SpeedMart @(PK) Jalan Changkat Jong,"No: 54-A & 54-B  (Ground Floor), Jalan Changkat Jong, 36000 Teluk Intan, Perak Darul Ridzuan.","4°0'39.8""N","101°1'53.4""E",(PK) Jalan Changkat Jong,"['East', 'Estate', 'Writers Guild of America']"
99speedmart,convenience_store,99SpeedMart @(PK) Taman Acheh Maju,"No: 2 & 3 (Ground Floor), Jalan Acheh Maju 2/1, Taman Acheh Maju 2, 32000 Sitiawan, Perak Darul Ridzuan.","4°14'49.4""N","100°40'38.2""E",(PK) Taman Acheh Maju,"['East', 'Estate', 'Writers Guild of America']"
99speedmart,convenience_store,99SpeedMart @(PK) Taman Tulip Jaya,"No:  5 & 6 (Ground Floor), Jalan Tulip Jaya, Taman Tulip Jaya, 33100 Pengkalan Hulu, Perak Darul Ridzuan.","5°42'40.2""N","101°0'0.8""E",(PK) Taman Tulip Jaya,"['East', 'Estate', 'Writers Guild of America']"
99speedmart,convenience_store,99SpeedMart @(PK) Taman Impiana Bidor,"No: 6 & 7 (Ground Floor), Jalan Impiana 1, Taman Impiana Bidor, 35500 Bidor, Perak Darul Ridzuan.","4°3'16.8""N","101°17'25.9""E",(PK) Taman Impiana Bidor,"['East', 'Estate', 'Writers Guild of America']"
99speedmart,convenience_store,99SpeedMart @(PK) Gerbang Maju Rapat,"No: 42A & 46 (Ground Floor), Gerbang Rapat 1, Gerbang Maju Rapat, 31350 Ipoh, Perak Darul RIdzuan.","4°34'27.6""N","101°6'5.0""E",(PK) Gerbang Maju Rapat,"['East', 'Estate', 'Writers Guild of America']"
99speedmart,convenience_store,99SpeedMart @(PK) Taman Kurau Mutiara,"No : 26 & 28 (Ground Floor), Susur Kurau Mutiara, Taman Kurau Mutiara, 34500 Batu Kurau, Perak Darul Ridzuan.","4°58'34.9""N","100°47'14.5""E",(PK) Taman Kurau Mutiara,"['East', 'Estate', 'Writers Guild of America']"
99speedmart,convenience_store,99SpeedMart @(PK) Medan Kamunting Jaya 2,"No: 12 & 14 (Ground Floor), Jalan Medan Kamunting Jaya 11, Medan Kamunting Jaya 2, 34600 Kamunting, Perak Darul Ridzuan.","4°53'33.7""N","100°43'21.2""E",(PK) Medan Kamunting Jaya 2,"['East', 'Estate', 'Writers Guild of America']"
99speedmart,convenience_store,99SpeedMart @(PK) Jalan Dato Sagor,"No: 2 (Ground Floor), Jalan Dato Sagor off Jalan Taiping, 33000 Kuala Kangsar, Perak Darul Ridzuan.","4°46'18.8""N","100°56'3.4""E",(PK) Jalan Dato Sagor,"['East', 'Estate', 'Writers Guild of America']"
99speedmart,convenience_store,99SpeedMart @(PK) Bandar Baru Teluk Intan,"No: 132 & 134 (Ground Floor), Jalan Intan 5, Bandar Baru Teluk Intan, 36000 Teluk Intan, Perak Darul Ridzuan.","4°1'7.4""N","101°1'6.4""E",(PK) Bandar Baru Teluk Intan,"['East', 'Estate', 'Writers Guild of America']"
99speedmart,convenience_store,99SpeedMart @(PK) Taman Wawasan Jaya,"No: 1-G-10, 1-G-11 & 1-G-12 (Ground Floor), Jalan Wawasan 2, Taman Wawasan Jaya, 34200 Parit Buntar, Perak Darul Ridzuan.","5°6'47.9""N","100°28'46.6""E",(PK) Taman Wawasan Jaya,"['East', 'Estate', 'Writers Guild of America']"
99speedmart,convenience_store,99SpeedMart @(PK) Taman Rekreasi Tambun,"No: 30 & 32 (Ground Floor), Persiaran SCI 2/1, Taman Rekreasi Tambun, Bandar Sunway Ipoh, 31150 Ulu Kinta, Perak Darul Ridzuan.","4°37'15.7""N","101°8'50.1""E",(PK) Taman Rekreasi Tambun,"['East', 'Estate', 'Writers Guild of America']"
99speedmart,convenience_store,99SpeedMart @(PK) Jalan Yang Kalsom,"No: 52 & 54 (Ground Floor), Jalan Yang Kalsom, 30250 Ipoh, Perak Darul Ridzuan.","4°35'26.7""N","101°4'54.8""E",(PK) Jalan Yang Kalsom,"['East', 'Estate', 'Writers Guild of America']"
99speedmart,convenience_store,99SpeedMart @(PK) Jalan Dato Lau Pak Khuan,"No: 81 (Ground Floor), Jalan Dato Lau Pak Khuan, Taman Ipoh, 31400 Ipoh, Perak Darul Ridzuan.","4°36'42.9""N","101°6'20.8""E",(PK) Jalan Dato Lau Pak Khuan,"['East', 'Estate', 'Writers Guild of America']"
99speedmart,convenience_store,99SpeedMart @(PK) Taman Melor II,"No: 31 & 33 (Ground Floor), Lorong 1, Taman Melor II, 36000 Teluk Intan, Perak Darul Ridzuan.","4°1'6.5""N","101°2'32.5""E",(PK) Taman Melor II,"['East', 'Estate', 'Writers Guild of America']"
99speedmart,convenience_store,99SpeedMart @(PK) Taman Pertama 2,"No: 18 & 20 (Ground Floor), Jalan Ng Song Teik, Taman Pertama, 30100 Ipoh, Perak Darul Ridzuan.","4°36'15.6""N","101°3'13.9""E",(PK) Taman Pertama 2,"['East', 'Estate', 'Writers Guild of America']"
99speedmart,convenience_store,99SpeedMart @(PK) Temoh,"No: Lot 215 & Lot 217 (Ground Floor), Jalan Besar, 35350 Temoh, Perak Darul Ridzuan.","4°14'39.4""N","101°11'35.4""E",(PK) Temoh,"['East', 'Estate', 'Writers Guild of America']"
99speedmart,convenience_store,99SpeedMart @3305-(JH) Taman Bersatu Kulai,"No: 380 & 382  (Ground Floor), Jalan Perak 1, Taman Bersatu, 81000 Kulai, Johor Darul Takzim.","1°39'9.6""N","103°35'28.8""E",3305-(JH) Taman Bersatu Kulai,"['East', 'Estate', 'Writers Guild of America']"
99speedmart,convenience_store,99SpeedMart @3307-(PK) Taman Siputeh Pancaran,"No: 4 & 6  (Ground Floor), Laluan Permai Puteh 1A, Taman Siputeh Pancaran, 31560 Siputeh, Perak Darul Ridzuan.","4°27'23.8""N","100°59'37.9""E",3307-(PK) Taman Siputeh Pancaran,"['East', 'Estate', 'Writers Guild of America']"
99speedmart,convenience_store,99SpeedMart @(PK) Kampung Baru Merbau,"No: S33 (1A) (Ground Floor), Kampung Baru Kampung Merbau, 32400 Ayer Tawar, Perak Darul Ridzuan.","4°20'4.5""N","100°43'36.3""E",(PK) Kampung Baru Merbau,"['East', 'Estate', 'Writers Guild of America']"
99speedmart,convenience_store,99SpeedMart @(PK) Taman Chandan Putri,"No: 8 & 9 (Ground Floor), Persiaran Chandan 1, Taman Chandan Putri, 33000 Kuala Kangsar, Perak Darul Ridzuan.","4°45'38.3""N","100°56'14.3""E",(PK) Taman Chandan Putri,"['East', 'Estate', 'Writers Guild of America']"
